owner,repo,issue_number,event_id,event,event_created_at,commit_id,commit_url,actor_login
pallets,flask,4355,5716582572,labeled,2021-12-05T09:59:10Z,,,teymour-aldridge
pallets,flask,4355,5807387403,closed,2021-12-23T00:36:53Z,,,davidism
pallets,flask,4355,5855182885,locked,2022-01-07T00:03:52Z,,,github-actions[bot]
pallets,flask,4297,5472667434,mentioned,2021-10-16T05:19:30Z,,,davidism
pallets,flask,4297,5472667436,subscribed,2021-10-16T05:19:30Z,,,davidism
pallets,flask,4297,5472667437,mentioned,2021-10-16T05:19:30Z,,,Kritzefitz
pallets,flask,4297,5472667440,subscribed,2021-10-16T05:19:30Z,,,Kritzefitz
pallets,flask,4297,5472902548,mentioned,2021-10-16T10:08:21Z,,,Rohan-Salwan
pallets,flask,4297,5472902550,subscribed,2021-10-16T10:08:21Z,,,Rohan-Salwan
pallets,flask,4297,5545317330,labeled,2021-10-31T15:03:25Z,,,teymour-aldridge
pallets,flask,4297,6244280924,closed,2022-03-15T15:37:18Z,,,davidism
pallets,flask,4297,6244343032,milestoned,2022-03-15T15:45:11Z,,,davidism
pallets,flask,4297,6244343547,labeled,2022-03-15T15:45:15Z,,,davidism
pallets,flask,4297,6330735842,locked,2022-03-30T00:04:54Z,,,github-actions[bot]
pallets,flask,4295,5424233440,renamed,2021-10-06T21:13:28Z,,,davidism
pallets,flask,4295,5425077132,mentioned,2021-10-06T23:30:56Z,,,davidism
pallets,flask,4295,5425077137,subscribed,2021-10-06T23:30:56Z,,,davidism
pallets,flask,4295,5428935487,connected,2021-10-07T14:25:10Z,,,davidism
pallets,flask,4295,5545317615,labeled,2021-10-31T15:03:42Z,,,teymour-aldridge
pallets,flask,4295,5621021973,milestoned,2021-11-15T21:36:43Z,,,davidism
pallets,flask,4295,5621026596,closed,2021-11-15T21:37:50Z,,,davidism
pallets,flask,4295,5688407374,locked,2021-11-30T00:03:48Z,,,github-actions[bot]
pallets,flask,4037,4741199735,labeled,2021-05-13T10:34:15Z,,,greyli
pallets,flask,4037,4741200465,milestoned,2021-05-13T10:34:26Z,,,greyli
pallets,flask,4037,4743571116,labeled,2021-05-13T19:38:33Z,,,davidism
pallets,flask,4037,4744198664,closed,2021-05-13T22:27:48Z,,,davidism
pallets,flask,4037,4808946149,locked,2021-05-28T00:09:47Z,,,github-actions[bot]
pallets,flask,3776,3864025406,labeled,2020-10-11T19:48:13Z,,,teymour-aldridge
pallets,flask,3776,3873317485,mentioned,2020-10-13T20:08:04Z,,,teymour-aldridge
pallets,flask,3776,3873317490,subscribed,2020-10-13T20:08:04Z,,,teymour-aldridge
pallets,flask,3776,3888722268,referenced,2020-10-17T02:09:49Z,22d491df584d747b2b5b9bcaf86c339802ebd2f0,https://api.github.com/repos/mbpreble/flask/commits/22d491df584d747b2b5b9bcaf86c339802ebd2f0,mbpreble
pallets,flask,3776,4277182927,referenced,2021-02-02T04:41:27Z,01621485fdad733b0886117d59bea1adac8d4fcc,https://api.github.com/repos/mbpreble/flask/commits/01621485fdad733b0886117d59bea1adac8d4fcc,davidism
pallets,flask,3776,4277190279,milestoned,2021-02-02T04:44:33Z,,,davidism
pallets,flask,3776,4277191453,closed,2021-02-02T04:45:03Z,,,davidism
pallets,flask,3776,4338831603,locked,2021-02-17T00:15:09Z,,,github-actions[bot]
pallets,flask,3523,3088543158,labeled,2020-03-02T15:56:17Z,,,davidism
pallets,flask,3523,3088544191,labeled,2020-03-02T15:56:32Z,,,davidism
pallets,flask,3523,3088544492,milestoned,2020-03-02T15:56:36Z,,,davidism
pallets,flask,3523,3119789333,mentioned,2020-03-11T17:20:59Z,,,GrayTable
pallets,flask,3523,3119789339,subscribed,2020-03-11T17:20:59Z,,,GrayTable
pallets,flask,3523,3119800948,renamed,2020-03-11T17:24:03Z,,,scribu
pallets,flask,3523,3120130181,mentioned,2020-03-11T18:59:53Z,,,scribu
pallets,flask,3523,3120130186,subscribed,2020-03-11T18:59:53Z,,,scribu
pallets,flask,3523,3196234306,closed,2020-04-03T12:42:51Z,,,scribu
pallets,flask,3523,3196655866,demilestoned,2020-04-03T14:29:56Z,,,davidism
pallets,flask,3523,3995914820,locked,2020-11-14T01:33:28Z,,,github-actions[bot]
pallets,flask,3320,2525239185,assigned,2019-08-01T04:52:58Z,,,greyli
pallets,flask,3320,2525239828,labeled,2019-08-01T04:53:29Z,,,greyli
pallets,flask,3320,2525239829,labeled,2019-08-01T04:53:29Z,,,greyli
pallets,flask,3320,2527698836,closed,2019-08-01T19:56:41Z,,,davidism
pallets,flask,3320,3995957263,locked,2020-11-14T02:09:09Z,,,github-actions[bot]
pallets,flask,3297,2473069025,transferred,2019-07-10T15:53:51Z,,,davidism
pallets,flask,3297,2473089647,transferred,2019-07-10T16:00:15Z,,,davidism
pallets,flask,3297,2473098690,labeled,2019-07-10T16:03:01Z,,,davidism
pallets,flask,3297,2473098691,labeled,2019-07-10T16:03:01Z,,,davidism
pallets,flask,3297,2473098827,milestoned,2019-07-10T16:03:04Z,,,davidism
pallets,flask,3297,2473674058,closed,2019-07-10T19:42:59Z,,,davidism
pallets,flask,3297,3995914800,locked,2020-11-14T01:33:27Z,,,github-actions[bot]
pallets,flask,2743,1600478503,mentioned,2018-04-29T10:57:08Z,,,davidism
pallets,flask,2743,1600478504,subscribed,2018-04-29T10:57:08Z,,,davidism
pallets,flask,2743,1600478505,labeled,2018-04-29T10:57:08Z,,,lepture
pallets,flask,2743,1600765883,milestoned,2018-04-30T00:46:13Z,,,davidism
pallets,flask,2743,1600769119,closed,2018-04-30T00:55:44Z,,,davidism
pallets,flask,2743,3996021468,locked,2020-11-14T03:19:56Z,,,github-actions[bot]
pallets,flask,2735,1599090388,milestoned,2018-04-27T15:52:34Z,,,lepture
pallets,flask,2735,1599095074,demilestoned,2018-04-27T15:54:54Z,,,lepture
pallets,flask,2735,1599097832,mentioned,2018-04-27T15:56:11Z,,,davidism
pallets,flask,2735,1599097834,subscribed,2018-04-27T15:56:11Z,,,davidism
pallets,flask,2735,1599098539,milestoned,2018-04-27T15:56:31Z,,,lepture
pallets,flask,2735,1599362506,labeled,2018-04-27T18:19:54Z,,,davidism
pallets,flask,2735,1600135844,closed,2018-04-28T14:01:55Z,,,davidism
pallets,flask,2735,1685463987,referenced,2018-06-18T07:06:31Z,70de88a7a3c2ffa90eb0330762fc53f2250e80cc,https://api.github.com/repos/hasgeek/boxoffice/commits/70de88a7a3c2ffa90eb0330762fc53f2250e80cc,jace
pallets,flask,2735,1685466681,referenced,2018-06-18T07:08:19Z,ef1c8a6b5c53122e935d7181b22d28e8252fc382,https://api.github.com/repos/hasgeek/cookiefree/commits/ef1c8a6b5c53122e935d7181b22d28e8252fc382,jace
pallets,flask,2735,1685491101,referenced,2018-06-18T07:25:18Z,26672b96e66b3982bece8247f562b81a6658a5f4,https://api.github.com/repos/hasgeek/eventframe/commits/26672b96e66b3982bece8247f562b81a6658a5f4,jace
pallets,flask,2735,1685493251,referenced,2018-06-18T07:26:42Z,aa302075e9e3e42c7158484df28ddad491d6d305,https://api.github.com/repos/hasgeek/geekup/commits/aa302075e9e3e42c7158484df28ddad491d6d305,jace
pallets,flask,2735,1685494045,referenced,2018-06-18T07:27:08Z,b4df514eeef10c969e506f8f61723af851b00911,https://api.github.com/repos/hasgeek/hacknight/commits/b4df514eeef10c969e506f8f61723af851b00911,jace
pallets,flask,2735,1685494899,referenced,2018-06-18T07:27:35Z,12b6d41275da6898b4a356696908ba3d11bcc2ca,https://api.github.com/repos/hasgeek/hascore/commits/12b6d41275da6898b4a356696908ba3d11bcc2ca,jace
pallets,flask,2735,1685496414,referenced,2018-06-18T07:28:26Z,42508f703c319d66cdaea1651e57751430257a64,https://api.github.com/repos/hasgeek/hasgeek.tv/commits/42508f703c319d66cdaea1651e57751430257a64,jace
pallets,flask,2735,1685496987,referenced,2018-06-18T07:28:45Z,8cd5259ae573795e05823a4d380ef93974f36f39,https://api.github.com/repos/hasgeek/hasmail/commits/8cd5259ae573795e05823a4d380ef93974f36f39,jace
pallets,flask,2735,1685497534,referenced,2018-06-18T07:29:02Z,e8cc29fd711204913eca2610504c1d9936fb7e4d,https://api.github.com/repos/hasgeek/hgapp/commits/e8cc29fd711204913eca2610504c1d9936fb7e4d,jace
pallets,flask,2735,1685498077,referenced,2018-06-18T07:29:20Z,d2d7e80f377138e001d7db85ef27e21625631956,https://api.github.com/repos/hasgeek/kharcha/commits/d2d7e80f377138e001d7db85ef27e21625631956,jace
pallets,flask,2735,1685498646,referenced,2018-06-18T07:29:39Z,5a489b86dce88fb029e84313a8e8d362a1cd4e8e,https://api.github.com/repos/hasgeek/listman/commits/5a489b86dce88fb029e84313a8e8d362a1cd4e8e,jace
pallets,flask,2735,1685499921,referenced,2018-06-18T07:30:25Z,e9ad41592ba2d03e7b0e1a8862dc4f019ddea15c,https://api.github.com/repos/hasgeek/lastuser/commits/e9ad41592ba2d03e7b0e1a8862dc4f019ddea15c,jace
pallets,flask,2735,1685501255,referenced,2018-06-18T07:31:17Z,7b72ced4ae7111cb012697f70bcb3f40aaa6f8c8,https://api.github.com/repos/hasgeek/outreach/commits/7b72ced4ae7111cb012697f70bcb3f40aaa6f8c8,jace
pallets,flask,2735,1685505042,referenced,2018-06-18T07:33:44Z,5f60f0e91b1330194825d3b7657fb0b84eb4f6ce,https://api.github.com/repos/hasgeek/hasjob/commits/5f60f0e91b1330194825d3b7657fb0b84eb4f6ce,jace
pallets,flask,2735,1685505691,referenced,2018-06-18T07:34:03Z,5054f48117246fb671f27cfef9e45d75360ad4ac,https://api.github.com/repos/hasgeek/hasweb/commits/5054f48117246fb671f27cfef9e45d75360ad4ac,jace
pallets,flask,2735,1685506455,referenced,2018-06-18T07:34:23Z,0571fe3706cf6b31d0cdd879f00447a0d9a699ae,https://api.github.com/repos/hasgeek/hasnew/commits/0571fe3706cf6b31d0cdd879f00447a0d9a699ae,jace
pallets,flask,2735,1864092060,referenced,2018-09-24T20:20:29Z,9552de009fdaf4b100ae0d8a78e741c537f931dd,https://api.github.com/repos/Pagure/pagure/commits/9552de009fdaf4b100ae0d8a78e741c537f931dd,pypingou
pallets,flask,2735,3996013500,locked,2020-11-14T03:07:55Z,,,github-actions[bot]
pallets,flask,2731,1598738025,renamed,2018-04-27T13:13:10Z,,,brianmhunt
pallets,flask,2731,1598842464,milestoned,2018-04-27T14:02:28Z,,,davidism
pallets,flask,2731,1599359232,labeled,2018-04-27T18:17:52Z,,,davidism
pallets,flask,2731,1599359449,labeled,2018-04-27T18:17:59Z,,,davidism
pallets,flask,2731,1599515039,closed,2018-04-27T19:47:01Z,,,davidism
pallets,flask,2731,1685463986,referenced,2018-06-18T07:06:31Z,70de88a7a3c2ffa90eb0330762fc53f2250e80cc,https://api.github.com/repos/hasgeek/boxoffice/commits/70de88a7a3c2ffa90eb0330762fc53f2250e80cc,jace
pallets,flask,2731,1685466680,referenced,2018-06-18T07:08:19Z,ef1c8a6b5c53122e935d7181b22d28e8252fc382,https://api.github.com/repos/hasgeek/cookiefree/commits/ef1c8a6b5c53122e935d7181b22d28e8252fc382,jace
pallets,flask,2731,1685491100,referenced,2018-06-18T07:25:18Z,26672b96e66b3982bece8247f562b81a6658a5f4,https://api.github.com/repos/hasgeek/eventframe/commits/26672b96e66b3982bece8247f562b81a6658a5f4,jace
pallets,flask,2731,1685493250,referenced,2018-06-18T07:26:42Z,aa302075e9e3e42c7158484df28ddad491d6d305,https://api.github.com/repos/hasgeek/geekup/commits/aa302075e9e3e42c7158484df28ddad491d6d305,jace
pallets,flask,2731,1685494043,referenced,2018-06-18T07:27:08Z,b4df514eeef10c969e506f8f61723af851b00911,https://api.github.com/repos/hasgeek/hacknight/commits/b4df514eeef10c969e506f8f61723af851b00911,jace
pallets,flask,2731,1685494897,referenced,2018-06-18T07:27:35Z,12b6d41275da6898b4a356696908ba3d11bcc2ca,https://api.github.com/repos/hasgeek/hascore/commits/12b6d41275da6898b4a356696908ba3d11bcc2ca,jace
pallets,flask,2731,1685496413,referenced,2018-06-18T07:28:26Z,42508f703c319d66cdaea1651e57751430257a64,https://api.github.com/repos/hasgeek/hasgeek.tv/commits/42508f703c319d66cdaea1651e57751430257a64,jace
pallets,flask,2731,1685496985,referenced,2018-06-18T07:28:45Z,8cd5259ae573795e05823a4d380ef93974f36f39,https://api.github.com/repos/hasgeek/hasmail/commits/8cd5259ae573795e05823a4d380ef93974f36f39,jace
pallets,flask,2731,1685497532,referenced,2018-06-18T07:29:02Z,e8cc29fd711204913eca2610504c1d9936fb7e4d,https://api.github.com/repos/hasgeek/hgapp/commits/e8cc29fd711204913eca2610504c1d9936fb7e4d,jace
pallets,flask,2731,1685498076,referenced,2018-06-18T07:29:20Z,d2d7e80f377138e001d7db85ef27e21625631956,https://api.github.com/repos/hasgeek/kharcha/commits/d2d7e80f377138e001d7db85ef27e21625631956,jace
pallets,flask,2731,1685498645,referenced,2018-06-18T07:29:39Z,5a489b86dce88fb029e84313a8e8d362a1cd4e8e,https://api.github.com/repos/hasgeek/listman/commits/5a489b86dce88fb029e84313a8e8d362a1cd4e8e,jace
pallets,flask,2731,1685499920,referenced,2018-06-18T07:30:25Z,e9ad41592ba2d03e7b0e1a8862dc4f019ddea15c,https://api.github.com/repos/hasgeek/lastuser/commits/e9ad41592ba2d03e7b0e1a8862dc4f019ddea15c,jace
pallets,flask,2731,1685501252,referenced,2018-06-18T07:31:17Z,7b72ced4ae7111cb012697f70bcb3f40aaa6f8c8,https://api.github.com/repos/hasgeek/outreach/commits/7b72ced4ae7111cb012697f70bcb3f40aaa6f8c8,jace
pallets,flask,2731,1685505040,referenced,2018-06-18T07:33:44Z,5f60f0e91b1330194825d3b7657fb0b84eb4f6ce,https://api.github.com/repos/hasgeek/hasjob/commits/5f60f0e91b1330194825d3b7657fb0b84eb4f6ce,jace
pallets,flask,2731,1685505688,referenced,2018-06-18T07:34:03Z,5054f48117246fb671f27cfef9e45d75360ad4ac,https://api.github.com/repos/hasgeek/hasweb/commits/5054f48117246fb671f27cfef9e45d75360ad4ac,jace
pallets,flask,2731,1685506454,referenced,2018-06-18T07:34:23Z,0571fe3706cf6b31d0cdd879f00447a0d9a699ae,https://api.github.com/repos/hasgeek/hasnew/commits/0571fe3706cf6b31d0cdd879f00447a0d9a699ae,jace
pallets,flask,2731,3996021475,locked,2020-11-14T03:19:57Z,,,github-actions[bot]
pallets,flask,2728,1598382247,renamed,2018-04-27T09:35:48Z,,,lafrech
pallets,flask,2728,1598597560,mentioned,2018-04-27T11:49:58Z,,,davidism
pallets,flask,2728,1598597562,subscribed,2018-04-27T11:49:58Z,,,davidism
pallets,flask,2728,1598625401,renamed,2018-04-27T12:07:56Z,,,lafrech
pallets,flask,2728,1598870949,mentioned,2018-04-27T14:15:39Z,,,davidism
pallets,flask,2728,1598870950,subscribed,2018-04-27T14:15:39Z,,,davidism
pallets,flask,2728,1599361851,labeled,2018-04-27T18:19:33Z,,,davidism
pallets,flask,2728,1599361853,labeled,2018-04-27T18:19:33Z,,,davidism
pallets,flask,2728,1599739069,referenced,2018-04-27T22:14:41Z,87272840bfc8b4c5db10593e47884e33a0f4af40,https://api.github.com/repos/ansible-community/ara/commits/87272840bfc8b4c5db10593e47884e33a0f4af40,openstack-gerrit
pallets,flask,2728,1600780695,closed,2018-04-30T01:27:34Z,,,davidism
pallets,flask,2728,1602775361,referenced,2018-05-01T02:15:37Z,b893ad8b4d2979704218dcd1f0d44ccbdb99596c,https://api.github.com/repos/okpy/ok/commits/b893ad8b4d2979704218dcd1f0d44ccbdb99596c,colinschoen
pallets,flask,2728,1604036941,referenced,2018-05-01T19:52:41Z,547ff5287906f38463ffe8a0c9df3fc995026bbe,https://api.github.com/repos/okpy/ok/commits/547ff5287906f38463ffe8a0c9df3fc995026bbe,colinschoen
pallets,flask,2728,1685464071,referenced,2018-06-18T07:06:32Z,70de88a7a3c2ffa90eb0330762fc53f2250e80cc,https://api.github.com/repos/hasgeek/boxoffice/commits/70de88a7a3c2ffa90eb0330762fc53f2250e80cc,jace
pallets,flask,2728,1685466745,referenced,2018-06-18T07:08:20Z,ef1c8a6b5c53122e935d7181b22d28e8252fc382,https://api.github.com/repos/hasgeek/cookiefree/commits/ef1c8a6b5c53122e935d7181b22d28e8252fc382,jace
pallets,flask,2728,1685491175,referenced,2018-06-18T07:25:19Z,26672b96e66b3982bece8247f562b81a6658a5f4,https://api.github.com/repos/hasgeek/eventframe/commits/26672b96e66b3982bece8247f562b81a6658a5f4,jace
pallets,flask,2728,1685493341,referenced,2018-06-18T07:26:43Z,aa302075e9e3e42c7158484df28ddad491d6d305,https://api.github.com/repos/hasgeek/geekup/commits/aa302075e9e3e42c7158484df28ddad491d6d305,jace
pallets,flask,2728,1685494134,referenced,2018-06-18T07:27:09Z,b4df514eeef10c969e506f8f61723af851b00911,https://api.github.com/repos/hasgeek/hacknight/commits/b4df514eeef10c969e506f8f61723af851b00911,jace
pallets,flask,2728,1685494967,referenced,2018-06-18T07:27:36Z,12b6d41275da6898b4a356696908ba3d11bcc2ca,https://api.github.com/repos/hasgeek/hascore/commits/12b6d41275da6898b4a356696908ba3d11bcc2ca,jace
pallets,flask,2728,1685496502,referenced,2018-06-18T07:28:27Z,42508f703c319d66cdaea1651e57751430257a64,https://api.github.com/repos/hasgeek/hasgeek.tv/commits/42508f703c319d66cdaea1651e57751430257a64,jace
pallets,flask,2728,1685497069,referenced,2018-06-18T07:28:46Z,8cd5259ae573795e05823a4d380ef93974f36f39,https://api.github.com/repos/hasgeek/hasmail/commits/8cd5259ae573795e05823a4d380ef93974f36f39,jace
pallets,flask,2728,1685497614,referenced,2018-06-18T07:29:03Z,e8cc29fd711204913eca2610504c1d9936fb7e4d,https://api.github.com/repos/hasgeek/hgapp/commits/e8cc29fd711204913eca2610504c1d9936fb7e4d,jace
pallets,flask,2728,1685498161,referenced,2018-06-18T07:29:21Z,d2d7e80f377138e001d7db85ef27e21625631956,https://api.github.com/repos/hasgeek/kharcha/commits/d2d7e80f377138e001d7db85ef27e21625631956,jace
pallets,flask,2728,1685498729,referenced,2018-06-18T07:29:41Z,5a489b86dce88fb029e84313a8e8d362a1cd4e8e,https://api.github.com/repos/hasgeek/listman/commits/5a489b86dce88fb029e84313a8e8d362a1cd4e8e,jace
pallets,flask,2728,1685500007,referenced,2018-06-18T07:30:27Z,e9ad41592ba2d03e7b0e1a8862dc4f019ddea15c,https://api.github.com/repos/hasgeek/lastuser/commits/e9ad41592ba2d03e7b0e1a8862dc4f019ddea15c,jace
pallets,flask,2728,1685501345,referenced,2018-06-18T07:31:18Z,7b72ced4ae7111cb012697f70bcb3f40aaa6f8c8,https://api.github.com/repos/hasgeek/outreach/commits/7b72ced4ae7111cb012697f70bcb3f40aaa6f8c8,jace
pallets,flask,2728,1685505115,referenced,2018-06-18T07:33:45Z,5f60f0e91b1330194825d3b7657fb0b84eb4f6ce,https://api.github.com/repos/hasgeek/hasjob/commits/5f60f0e91b1330194825d3b7657fb0b84eb4f6ce,jace
pallets,flask,2728,1685505773,referenced,2018-06-18T07:34:04Z,5054f48117246fb671f27cfef9e45d75360ad4ac,https://api.github.com/repos/hasgeek/hasweb/commits/5054f48117246fb671f27cfef9e45d75360ad4ac,jace
pallets,flask,2728,1685506518,referenced,2018-06-18T07:34:24Z,0571fe3706cf6b31d0cdd879f00447a0d9a699ae,https://api.github.com/repos/hasgeek/hasnew/commits/0571fe3706cf6b31d0cdd879f00447a0d9a699ae,jace
pallets,flask,2728,1878964892,referenced,2018-10-02T10:45:14Z,fe848abec87fef704a1169b1f7b2edfa6b049532,https://api.github.com/repos/dmitry-moroz/4rum/commits/fe848abec87fef704a1169b1f7b2edfa6b049532,dmitry-moroz
pallets,flask,2728,1878966134,referenced,2018-10-02T10:45:48Z,be96deb49c35ed46726047bcf0277d7a56a05f5f,https://api.github.com/repos/dmitry-moroz/4rum/commits/be96deb49c35ed46726047bcf0277d7a56a05f5f,dmitry-moroz
pallets,flask,2728,3996021460,locked,2020-11-14T03:19:55Z,,,github-actions[bot]
pallets,flask,2651,1505621637,mentioned,2018-03-06T03:34:13Z,,,davidism
pallets,flask,2651,1505621638,subscribed,2018-03-06T03:34:13Z,,,davidism
pallets,flask,2651,1521208924,milestoned,2018-03-14T15:18:08Z,,,davidism
pallets,flask,2651,1521209500,labeled,2018-03-14T15:18:21Z,,,davidism
pallets,flask,2651,1521209503,labeled,2018-03-14T15:18:21Z,,,davidism
pallets,flask,2651,1563451316,demilestoned,2018-04-09T09:57:04Z,,,davidism
pallets,flask,2651,1563451317,milestoned,2018-04-09T09:57:04Z,,,davidism
pallets,flask,2651,1563458319,closed,2018-04-09T10:00:42Z,,,davidism
pallets,flask,2651,1685464064,referenced,2018-06-18T07:06:32Z,70de88a7a3c2ffa90eb0330762fc53f2250e80cc,https://api.github.com/repos/hasgeek/boxoffice/commits/70de88a7a3c2ffa90eb0330762fc53f2250e80cc,jace
pallets,flask,2651,1685466740,referenced,2018-06-18T07:08:20Z,ef1c8a6b5c53122e935d7181b22d28e8252fc382,https://api.github.com/repos/hasgeek/cookiefree/commits/ef1c8a6b5c53122e935d7181b22d28e8252fc382,jace
pallets,flask,2651,1685491166,referenced,2018-06-18T07:25:19Z,26672b96e66b3982bece8247f562b81a6658a5f4,https://api.github.com/repos/hasgeek/eventframe/commits/26672b96e66b3982bece8247f562b81a6658a5f4,jace
pallets,flask,2651,1685493336,referenced,2018-06-18T07:26:43Z,aa302075e9e3e42c7158484df28ddad491d6d305,https://api.github.com/repos/hasgeek/geekup/commits/aa302075e9e3e42c7158484df28ddad491d6d305,jace
pallets,flask,2651,1685494125,referenced,2018-06-18T07:27:09Z,b4df514eeef10c969e506f8f61723af851b00911,https://api.github.com/repos/hasgeek/hacknight/commits/b4df514eeef10c969e506f8f61723af851b00911,jace
pallets,flask,2651,1685494960,referenced,2018-06-18T07:27:36Z,12b6d41275da6898b4a356696908ba3d11bcc2ca,https://api.github.com/repos/hasgeek/hascore/commits/12b6d41275da6898b4a356696908ba3d11bcc2ca,jace
pallets,flask,2651,1685496494,referenced,2018-06-18T07:28:27Z,42508f703c319d66cdaea1651e57751430257a64,https://api.github.com/repos/hasgeek/hasgeek.tv/commits/42508f703c319d66cdaea1651e57751430257a64,jace
pallets,flask,2651,1685497056,referenced,2018-06-18T07:28:46Z,8cd5259ae573795e05823a4d380ef93974f36f39,https://api.github.com/repos/hasgeek/hasmail/commits/8cd5259ae573795e05823a4d380ef93974f36f39,jace
pallets,flask,2651,1685497606,referenced,2018-06-18T07:29:03Z,e8cc29fd711204913eca2610504c1d9936fb7e4d,https://api.github.com/repos/hasgeek/hgapp/commits/e8cc29fd711204913eca2610504c1d9936fb7e4d,jace
pallets,flask,2651,1685498153,referenced,2018-06-18T07:29:21Z,d2d7e80f377138e001d7db85ef27e21625631956,https://api.github.com/repos/hasgeek/kharcha/commits/d2d7e80f377138e001d7db85ef27e21625631956,jace
pallets,flask,2651,1685498722,referenced,2018-06-18T07:29:41Z,5a489b86dce88fb029e84313a8e8d362a1cd4e8e,https://api.github.com/repos/hasgeek/listman/commits/5a489b86dce88fb029e84313a8e8d362a1cd4e8e,jace
pallets,flask,2651,1685499999,referenced,2018-06-18T07:30:27Z,e9ad41592ba2d03e7b0e1a8862dc4f019ddea15c,https://api.github.com/repos/hasgeek/lastuser/commits/e9ad41592ba2d03e7b0e1a8862dc4f019ddea15c,jace
pallets,flask,2651,1685501336,referenced,2018-06-18T07:31:18Z,7b72ced4ae7111cb012697f70bcb3f40aaa6f8c8,https://api.github.com/repos/hasgeek/outreach/commits/7b72ced4ae7111cb012697f70bcb3f40aaa6f8c8,jace
pallets,flask,2651,1685505107,referenced,2018-06-18T07:33:45Z,5f60f0e91b1330194825d3b7657fb0b84eb4f6ce,https://api.github.com/repos/hasgeek/hasjob/commits/5f60f0e91b1330194825d3b7657fb0b84eb4f6ce,jace
pallets,flask,2651,1685505765,referenced,2018-06-18T07:34:04Z,5054f48117246fb671f27cfef9e45d75360ad4ac,https://api.github.com/repos/hasgeek/hasweb/commits/5054f48117246fb671f27cfef9e45d75360ad4ac,jace
pallets,flask,2651,1685506513,referenced,2018-06-18T07:34:23Z,0571fe3706cf6b31d0cdd879f00447a0d9a699ae,https://api.github.com/repos/hasgeek/hasnew/commits/0571fe3706cf6b31d0cdd879f00447a0d9a699ae,jace
pallets,flask,2651,3996025856,locked,2020-11-14T03:26:51Z,,,github-actions[bot]
pallets,flask,2549,1381981083,closed,2017-12-11T17:58:47Z,,,ThiefMaster
pallets,flask,2549,1381991669,mentioned,2017-12-11T18:04:47Z,,,ThiefMaster
pallets,flask,2549,1381991670,subscribed,2017-12-11T18:04:47Z,,,ThiefMaster
pallets,flask,2549,1382002801,reopened,2017-12-11T18:11:08Z,,,ThiefMaster
pallets,flask,2549,1382005303,renamed,2017-12-11T18:12:34Z,,,ThiefMaster
pallets,flask,2549,1382005543,labeled,2017-12-11T18:12:42Z,,,ThiefMaster
pallets,flask,2549,1382014412,closed,2017-12-11T18:17:42Z,,,davidism
pallets,flask,2549,1558165490,mentioned,2018-04-05T08:15:25Z,,,KoJoVe
pallets,flask,2549,1558165491,subscribed,2018-04-05T08:15:25Z,,,KoJoVe
pallets,flask,2549,3017499094,mentioned,2020-02-07T12:36:28Z,,,AndySeymour2904
pallets,flask,2549,3017499096,subscribed,2020-02-07T12:36:28Z,,,AndySeymour2904
pallets,flask,2549,3147424448,referenced,2020-03-19T21:58:19Z,b7ad844ddda1b558de88ac7044736df648cd4b60,https://api.github.com/repos/autonomouse/darrenhoyland_info_stack/commits/b7ad844ddda1b558de88ac7044736df648cd4b60,autonomouse
pallets,flask,2549,3995935011,locked,2020-11-14T01:42:29Z,,,github-actions[bot]
pallets,flask,2526,1355413357,labeled,2017-11-23T09:13:39Z,,,ThiefMaster
pallets,flask,2526,1355429610,assigned,2017-11-23T09:24:42Z,,,ThiefMaster
pallets,flask,2526,1355441542,referenced,2017-11-23T09:32:40Z,d2f072f6249bad4bfe97748b5fd03d0869564a1a,https://api.github.com/repos/ThiefMaster/flask/commits/d2f072f6249bad4bfe97748b5fd03d0869564a1a,ThiefMaster
pallets,flask,2526,1357655417,referenced,2017-11-24T23:37:51Z,c52e1b7388c17466a551391cdf81964bf0b7aef0,https://api.github.com/repos/pallets/flask/commits/c52e1b7388c17466a551391cdf81964bf0b7aef0,ThiefMaster
pallets,flask,2526,1357657395,closed,2017-11-24T23:44:49Z,c52e1b7388c17466a551391cdf81964bf0b7aef0,https://api.github.com/repos/pallets/flask/commits/c52e1b7388c17466a551391cdf81964bf0b7aef0,ThiefMaster
pallets,flask,2526,1685464048,referenced,2018-06-18T07:06:32Z,70de88a7a3c2ffa90eb0330762fc53f2250e80cc,https://api.github.com/repos/hasgeek/boxoffice/commits/70de88a7a3c2ffa90eb0330762fc53f2250e80cc,jace
pallets,flask,2526,1685466728,referenced,2018-06-18T07:08:19Z,ef1c8a6b5c53122e935d7181b22d28e8252fc382,https://api.github.com/repos/hasgeek/cookiefree/commits/ef1c8a6b5c53122e935d7181b22d28e8252fc382,jace
pallets,flask,2526,1685491152,referenced,2018-06-18T07:25:19Z,26672b96e66b3982bece8247f562b81a6658a5f4,https://api.github.com/repos/hasgeek/eventframe/commits/26672b96e66b3982bece8247f562b81a6658a5f4,jace
pallets,flask,2526,1685493323,referenced,2018-06-18T07:26:42Z,aa302075e9e3e42c7158484df28ddad491d6d305,https://api.github.com/repos/hasgeek/geekup/commits/aa302075e9e3e42c7158484df28ddad491d6d305,jace
pallets,flask,2526,1685494107,referenced,2018-06-18T07:27:09Z,b4df514eeef10c969e506f8f61723af851b00911,https://api.github.com/repos/hasgeek/hacknight/commits/b4df514eeef10c969e506f8f61723af851b00911,jace
pallets,flask,2526,1685494949,referenced,2018-06-18T07:27:35Z,12b6d41275da6898b4a356696908ba3d11bcc2ca,https://api.github.com/repos/hasgeek/hascore/commits/12b6d41275da6898b4a356696908ba3d11bcc2ca,jace
pallets,flask,2526,1685496480,referenced,2018-06-18T07:28:27Z,42508f703c319d66cdaea1651e57751430257a64,https://api.github.com/repos/hasgeek/hasgeek.tv/commits/42508f703c319d66cdaea1651e57751430257a64,jace
pallets,flask,2526,1685497041,referenced,2018-06-18T07:28:46Z,8cd5259ae573795e05823a4d380ef93974f36f39,https://api.github.com/repos/hasgeek/hasmail/commits/8cd5259ae573795e05823a4d380ef93974f36f39,jace
pallets,flask,2526,1685497595,referenced,2018-06-18T07:29:03Z,e8cc29fd711204913eca2610504c1d9936fb7e4d,https://api.github.com/repos/hasgeek/hgapp/commits/e8cc29fd711204913eca2610504c1d9936fb7e4d,jace
pallets,flask,2526,1685498142,referenced,2018-06-18T07:29:21Z,d2d7e80f377138e001d7db85ef27e21625631956,https://api.github.com/repos/hasgeek/kharcha/commits/d2d7e80f377138e001d7db85ef27e21625631956,jace
pallets,flask,2526,1685498707,referenced,2018-06-18T07:29:40Z,5a489b86dce88fb029e84313a8e8d362a1cd4e8e,https://api.github.com/repos/hasgeek/listman/commits/5a489b86dce88fb029e84313a8e8d362a1cd4e8e,jace
pallets,flask,2526,1685499983,referenced,2018-06-18T07:30:26Z,e9ad41592ba2d03e7b0e1a8862dc4f019ddea15c,https://api.github.com/repos/hasgeek/lastuser/commits/e9ad41592ba2d03e7b0e1a8862dc4f019ddea15c,jace
pallets,flask,2526,1685501322,referenced,2018-06-18T07:31:18Z,7b72ced4ae7111cb012697f70bcb3f40aaa6f8c8,https://api.github.com/repos/hasgeek/outreach/commits/7b72ced4ae7111cb012697f70bcb3f40aaa6f8c8,jace
pallets,flask,2526,1685505094,referenced,2018-06-18T07:33:45Z,5f60f0e91b1330194825d3b7657fb0b84eb4f6ce,https://api.github.com/repos/hasgeek/hasjob/commits/5f60f0e91b1330194825d3b7657fb0b84eb4f6ce,jace
pallets,flask,2526,1685505753,referenced,2018-06-18T07:34:03Z,5054f48117246fb671f27cfef9e45d75360ad4ac,https://api.github.com/repos/hasgeek/hasweb/commits/5054f48117246fb671f27cfef9e45d75360ad4ac,jace
pallets,flask,2526,1685506499,referenced,2018-06-18T07:34:23Z,0571fe3706cf6b31d0cdd879f00447a0d9a699ae,https://api.github.com/repos/hasgeek/hasnew/commits/0571fe3706cf6b31d0cdd879f00447a0d9a699ae,jace
pallets,flask,2526,3996030816,locked,2020-11-14T03:35:50Z,,,github-actions[bot]
pallets,flask,2267,1064765905,renamed,2017-05-02T01:20:35Z,,,ngaya-ll
pallets,flask,2267,1108196870,milestoned,2017-06-02T17:28:09Z,,,davidism
pallets,flask,2267,1108196872,milestoned,2017-06-02T17:28:09Z,,,davidism
pallets,flask,2267,1109231754,labeled,2017-06-04T20:29:43Z,,,davidism
pallets,flask,2267,1109231757,assigned,2017-06-04T20:29:45Z,,,davidism
pallets,flask,2267,1109960669,closed,2017-06-05T13:34:50Z,,,davidism
pallets,flask,2267,3996040113,locked,2020-11-14T03:52:37Z,,,github-actions[bot]
pallets,flask,2118,902132735,labeled,2016-12-21T20:23:34Z,,,untitaker
pallets,flask,2118,904301711,mentioned,2016-12-23T18:46:19Z,,,xinyvz
pallets,flask,2118,904301712,subscribed,2016-12-23T18:46:19Z,,,xinyvz
pallets,flask,2118,904623928,mentioned,2016-12-24T23:18:07Z,,,xinyvz
pallets,flask,2118,904623929,subscribed,2016-12-24T23:18:07Z,,,xinyvz
pallets,flask,2118,904646309,mentioned,2016-12-25T04:15:08Z,,,untitaker
pallets,flask,2118,904646310,subscribed,2016-12-25T04:15:08Z,,,untitaker
pallets,flask,2118,904646312,closed,2016-12-25T04:15:08Z,,,xinyvz
pallets,flask,2118,904649259,reopened,2016-12-25T04:59:27Z,,,davidism
pallets,flask,2118,904651477,closed,2016-12-25T05:28:11Z,,,xinyvz
pallets,flask,2118,904653045,reopened,2016-12-25T05:48:47Z,,,davidism
pallets,flask,2118,904653952,mentioned,2016-12-25T06:02:54Z,,,davidism
pallets,flask,2118,904653953,subscribed,2016-12-25T06:02:54Z,,,davidism
pallets,flask,2118,904722806,referenced,2016-12-25T15:37:30Z,67d66fcd93faec86ad49f503af82b75d351bee57,https://api.github.com/repos/pallets/flask/commits/67d66fcd93faec86ad49f503af82b75d351bee57,untitaker
pallets,flask,2118,904722845,assigned,2016-12-25T15:37:48Z,,,untitaker
pallets,flask,2118,904722846,labeled,2016-12-25T15:37:48Z,,,untitaker
pallets,flask,2118,904723154,mentioned,2016-12-25T15:40:33Z,,,xinyvz
pallets,flask,2118,904723155,subscribed,2016-12-25T15:40:33Z,,,xinyvz
pallets,flask,2118,904723168,labeled,2016-12-25T15:40:41Z,,,untitaker
pallets,flask,2118,904723169,unlabeled,2016-12-25T15:40:41Z,,,untitaker
pallets,flask,2118,904723653,renamed,2016-12-25T15:44:41Z,,,untitaker
pallets,flask,2118,904820757,referenced,2016-12-26T02:50:53Z,789715adb9949f58b7b0272bed1a58d7cd0fad30,https://api.github.com/repos/pallets/flask/commits/789715adb9949f58b7b0272bed1a58d7cd0fad30,untitaker
pallets,flask,2118,904820899,closed,2016-12-26T02:51:24Z,789715adb9949f58b7b0272bed1a58d7cd0fad30,https://api.github.com/repos/pallets/flask/commits/789715adb9949f58b7b0272bed1a58d7cd0fad30,untitaker
pallets,flask,2118,904820911,unlabeled,2016-12-26T02:51:27Z,,,untitaker
pallets,flask,2118,3996064873,locked,2020-11-14T04:32:55Z,,,github-actions[bot]
pallets,flask,2033,1042697321,labeled,2017-04-13T22:18:22Z,,,davidism
pallets,flask,2033,1083246685,labeled,2017-05-16T00:11:27Z,,,davidism
pallets,flask,2033,1083246763,closed,2017-05-16T00:11:35Z,,,davidism
pallets,flask,2033,1083526049,referenced,2017-05-16T06:35:02Z,f7c35bf0d51d1ae02709e39fe29110e12f64fb87,https://api.github.com/repos/pallets/flask/commits/f7c35bf0d51d1ae02709e39fe29110e12f64fb87,untitaker
pallets,flask,2033,1205709094,referenced,2017-08-14T23:44:09Z,105f4f53e78376a5b173f7f87014e5bae4fd53db,https://api.github.com/repos/cat-train/flask/commits/105f4f53e78376a5b173f7f87014e5bae4fd53db,cat-train
pallets,flask,2033,1205709096,referenced,2017-08-14T23:44:09Z,579832d8aa9e881f1874fb06bb86977197b84106,https://api.github.com/repos/cat-train/flask/commits/579832d8aa9e881f1874fb06bb86977197b84106,cat-train
pallets,flask,2033,3996059109,locked,2020-11-14T04:22:20Z,,,github-actions[bot]
pallets,flask,2007,779266894,labeled,2016-09-06T12:39:36Z,,,untitaker
pallets,flask,2007,779266998,labeled,2016-09-06T12:39:40Z,,,untitaker
pallets,flask,2007,785012371,mentioned,2016-09-10T20:38:16Z,,,untitaker
pallets,flask,2007,785012372,subscribed,2016-09-10T20:38:16Z,,,untitaker
pallets,flask,2007,801531057,labeled,2016-09-25T15:34:38Z,,,untitaker
pallets,flask,2007,801531058,unlabeled,2016-09-25T15:34:38Z,,,untitaker
pallets,flask,2007,801531087,labeled,2016-09-25T15:34:44Z,,,untitaker
pallets,flask,2007,801531088,unlabeled,2016-09-25T15:34:44Z,,,untitaker
pallets,flask,2007,875152777,mentioned,2016-11-29T12:34:23Z,,,mferreira96
pallets,flask,2007,875152778,subscribed,2016-11-29T12:34:23Z,,,mferreira96
pallets,flask,2007,1081187485,closed,2017-05-14T05:13:57Z,c3d49e29ea42d2f468bc780c15683ca197b50d02,https://api.github.com/repos/pallets/flask/commits/c3d49e29ea42d2f468bc780c15683ca197b50d02,davidism
pallets,flask,2007,1350237270,referenced,2017-11-20T16:30:53Z,98eb815d8499f47bcb2b042a8ad6f74cb73d510b,https://api.github.com/repos/phillip-martin/flask/commits/98eb815d8499f47bcb2b042a8ad6f74cb73d510b,phillip-martin
pallets,flask,2007,3996030776,locked,2020-11-14T03:35:46Z,,,github-actions[bot]
pallets,flask,1995,769676166,mentioned,2016-08-27T07:04:23Z,,,guyskk
pallets,flask,1995,769676167,subscribed,2016-08-27T07:04:23Z,,,guyskk
pallets,flask,1995,769676402,mentioned,2016-08-27T07:05:47Z,,,liuliqiang
pallets,flask,1995,769676403,subscribed,2016-08-27T07:05:47Z,,,liuliqiang
pallets,flask,1995,769686440,mentioned,2016-08-27T08:10:39Z,,,guyskk
pallets,flask,1995,769686441,subscribed,2016-08-27T08:10:39Z,,,guyskk
pallets,flask,1995,769720333,labeled,2016-08-27T11:42:59Z,,,untitaker
pallets,flask,1995,769928466,mentioned,2016-08-28T09:04:28Z,,,qingyunha
pallets,flask,1995,769928467,subscribed,2016-08-28T09:04:28Z,,,qingyunha
pallets,flask,1995,779245307,labeled,2016-09-06T12:20:21Z,,,untitaker
pallets,flask,1995,1101369875,closed,2017-05-29T19:50:13Z,,,davidism
pallets,flask,1995,3996050092,locked,2020-11-14T04:08:57Z,,,github-actions[bot]
pallets,flask,1980,753979522,labeled,2016-08-12T13:16:42Z,,,untitaker
pallets,flask,1980,753979564,milestoned,2016-08-12T13:16:44Z,,,untitaker
pallets,flask,1980,753979655,labeled,2016-08-12T13:16:49Z,,,untitaker
pallets,flask,1980,779250455,mentioned,2016-09-06T12:25:03Z,,,wgwz
pallets,flask,1980,779250456,subscribed,2016-09-06T12:25:03Z,,,wgwz
pallets,flask,1980,784592859,mentioned,2016-09-09T21:44:49Z,,,untitaker
pallets,flask,1980,784592860,subscribed,2016-09-09T21:44:49Z,,,untitaker
pallets,flask,1980,784732929,mentioned,2016-09-10T00:46:46Z,,,untitaker
pallets,flask,1980,784732930,subscribed,2016-09-10T00:46:46Z,,,untitaker
pallets,flask,1980,785226438,referenced,2016-09-11T15:53:36Z,59104db2f2f0a507aea2625230e446361e2fc174,https://api.github.com/repos/pallets/flask/commits/59104db2f2f0a507aea2625230e446361e2fc174,untitaker
pallets,flask,1980,785226485,mentioned,2016-09-11T15:53:50Z,,,wgwz
pallets,flask,1980,785226486,subscribed,2016-09-11T15:53:50Z,,,wgwz
pallets,flask,1980,785229463,closed,2016-09-11T16:05:28Z,,,untitaker
pallets,flask,1980,3996069911,locked,2020-11-14T04:42:34Z,,,github-actions[bot]
pallets,flask,1911,691586247,labeled,2016-06-14T09:51:28Z,,,RonnyPfannschmidt
pallets,flask,1911,691586248,labeled,2016-06-14T09:51:28Z,,,RonnyPfannschmidt
pallets,flask,1911,692863379,referenced,2016-06-15T07:35:36Z,c2b3d178da9538a9f6a17a3a8a4a14e2c1ceaae9,https://api.github.com/repos/kirantambe/itsdangerous/commits/c2b3d178da9538a9f6a17a3a8a4a14e2c1ceaae9,kirantambe
pallets,flask,1911,693496719,closed,2016-06-15T16:27:11Z,b8aca21a392c367522eedb93f248f68005c84908,https://api.github.com/repos/pallets/flask/commits/b8aca21a392c367522eedb93f248f68005c84908,davidism
pallets,flask,1911,696051154,reopened,2016-06-17T14:51:24Z,,,untitaker
pallets,flask,1911,704362596,labeled,2016-06-26T23:40:10Z,,,davidism
pallets,flask,1911,804479781,mentioned,2016-09-27T20:20:56Z,,,mitsuhiko
pallets,flask,1911,804479783,subscribed,2016-09-27T20:20:56Z,,,mitsuhiko
pallets,flask,1911,804489311,mentioned,2016-09-27T20:27:39Z,,,davidism
pallets,flask,1911,804489312,subscribed,2016-09-27T20:27:39Z,,,davidism
pallets,flask,1911,1092426986,closed,2017-05-22T19:37:58Z,,,davidism
pallets,flask,1911,3996050301,locked,2020-11-14T04:09:11Z,,,github-actions[bot]
pallets,flask,1902,687791236,milestoned,2016-06-09T20:37:53Z,,,untitaker
pallets,flask,1902,687791308,labeled,2016-06-09T20:37:56Z,,,untitaker
pallets,flask,1902,687791309,labeled,2016-06-09T20:37:56Z,,,untitaker
pallets,flask,1902,688779671,labeled,2016-06-10T16:13:52Z,,,davidism
pallets,flask,1902,688800502,mentioned,2016-06-10T16:30:41Z,,,badawik
pallets,flask,1902,688800503,subscribed,2016-06-10T16:30:41Z,,,badawik
pallets,flask,1902,698332520,mentioned,2016-06-20T22:43:18Z,,,badawik
pallets,flask,1902,698332521,subscribed,2016-06-20T22:43:18Z,,,badawik
pallets,flask,1902,698332522,mentioned,2016-06-20T22:43:18Z,,,rnelsonchem
pallets,flask,1902,698332523,subscribed,2016-06-20T22:43:18Z,,,rnelsonchem
pallets,flask,1902,704092644,mentioned,2016-06-25T19:16:10Z,,,untitaker
pallets,flask,1902,704092645,subscribed,2016-06-25T19:16:10Z,,,untitaker
pallets,flask,1902,713750109,referenced,2016-07-06T00:31:03Z,17d4cb3828b9520be6c4e64e6b7548a561aa6e7a,https://api.github.com/repos/pallets/flask/commits/17d4cb3828b9520be6c4e64e6b7548a561aa6e7a,davidism
pallets,flask,1902,730814672,mentioned,2016-07-21T18:42:44Z,,,davidism
pallets,flask,1902,730814673,subscribed,2016-07-21T18:42:44Z,,,davidism
pallets,flask,1902,738417234,mentioned,2016-07-28T20:42:38Z,,,wgwz
pallets,flask,1902,738417235,subscribed,2016-07-28T20:42:38Z,,,wgwz
pallets,flask,1902,763467172,mentioned,2016-08-22T18:53:44Z,,,wgwz
pallets,flask,1902,763467173,subscribed,2016-08-22T18:53:44Z,,,wgwz
pallets,flask,1902,763467183,closed,2016-08-22T18:53:45Z,,,untitaker
pallets,flask,1902,863711956,mentioned,2016-11-18T00:38:59Z,,,rnelsonchem
pallets,flask,1902,863711957,subscribed,2016-11-18T00:38:59Z,,,rnelsonchem
pallets,flask,1902,902118814,mentioned,2016-12-21T20:11:16Z,,,untitaker
pallets,flask,1902,902118816,subscribed,2016-12-21T20:11:16Z,,,untitaker
pallets,flask,1902,908133644,mentioned,2016-12-30T15:07:22Z,,,rnelsonchem
pallets,flask,1902,908133645,subscribed,2016-12-30T15:07:22Z,,,rnelsonchem
pallets,flask,1902,3995874904,locked,2020-11-14T00:59:24Z,,,github-actions[bot]
pallets,flask,1893,684623772,assigned,2016-06-07T16:28:57Z,,,untitaker
pallets,flask,1893,684623977,labeled,2016-06-07T16:29:07Z,,,davidism
pallets,flask,1893,684624106,labeled,2016-06-07T16:29:14Z,,,davidism
pallets,flask,1893,684705222,closed,2016-06-07T17:32:49Z,,,untitaker
pallets,flask,1893,3996076138,locked,2020-11-14T04:52:38Z,,,github-actions[bot]
pallets,flask,1877,680845099,labeled,2016-06-03T08:26:49Z,,,untitaker
pallets,flask,1877,680846694,labeled,2016-06-03T08:28:38Z,,,untitaker
pallets,flask,1877,680868020,mentioned,2016-06-03T08:50:35Z,,,mbra
pallets,flask,1877,680868021,subscribed,2016-06-03T08:50:35Z,,,mbra
pallets,flask,1877,680966892,mentioned,2016-06-03T10:31:39Z,,,mitsuhiko
pallets,flask,1877,680966894,subscribed,2016-06-03T10:31:39Z,,,mitsuhiko
pallets,flask,1877,1103068878,milestoned,2017-05-30T20:37:34Z,,,davidism
pallets,flask,1877,1103068884,milestoned,2017-05-30T20:37:34Z,,,davidism
pallets,flask,1877,1103084929,closed,2017-05-30T20:47:38Z,,,davidism
pallets,flask,1877,3996050027,locked,2020-11-14T04:08:53Z,,,github-actions[bot]
pallets,flask,1837,676639804,renamed,2016-05-31T07:51:34Z,,,georgthegreat
pallets,flask,1837,680110673,mentioned,2016-06-02T17:16:15Z,,,docapotamus
pallets,flask,1837,680110674,subscribed,2016-06-02T17:16:15Z,,,docapotamus
pallets,flask,1837,680129504,mentioned,2016-06-02T17:31:56Z,,,sublee
pallets,flask,1837,680129505,subscribed,2016-06-02T17:31:56Z,,,sublee
pallets,flask,1837,680156239,referenced,2016-06-02T17:51:43Z,5e73594883604c802cc4c80a60eb097d11dd09f9,https://api.github.com/repos/pjuu/pjuu/commits/5e73594883604c802cc4c80a60eb097d11dd09f9,docapotamus
pallets,flask,1837,843169129,labeled,2016-11-01T10:35:13Z,,,untitaker
pallets,flask,1837,843169130,labeled,2016-11-01T10:35:13Z,,,untitaker
pallets,flask,1837,845554736,referenced,2016-11-02T20:37:04Z,280d11a323f3da0e2900fba3c8a226bead17556b,https://api.github.com/repos/liebald/flask/commits/280d11a323f3da0e2900fba3c8a226bead17556b,liebald
pallets,flask,1837,845562281,mentioned,2016-11-02T20:42:26Z,,,davidism
pallets,flask,1837,845562283,subscribed,2016-11-02T20:42:26Z,,,davidism
pallets,flask,1837,845562285,mentioned,2016-11-02T20:42:26Z,,,untitaker
pallets,flask,1837,845562286,subscribed,2016-11-02T20:42:26Z,,,untitaker
pallets,flask,1837,845562287,mentioned,2016-11-02T20:42:26Z,,,mitsuhiko
pallets,flask,1837,845562288,subscribed,2016-11-02T20:42:26Z,,,mitsuhiko
pallets,flask,1837,887022889,referenced,2016-12-08T15:33:38Z,73fbd1b6f8b87ca2cfb13c86a4911622d9ea900e,https://api.github.com/repos/pyeve/eve/commits/73fbd1b6f8b87ca2cfb13c86a4911622d9ea900e,nicolaiarocci
pallets,flask,1837,1044045421,mentioned,2017-04-15T09:02:27Z,,,mitsuhiko
pallets,flask,1837,1044045422,subscribed,2017-04-15T09:02:27Z,,,mitsuhiko
pallets,flask,1837,1063457229,referenced,2017-04-30T15:21:02Z,6032c94aeb090c82ac99b9f886341f61c73b65d0,https://api.github.com/repos/liebald/flask/commits/6032c94aeb090c82ac99b9f886341f61c73b65d0,davidism
pallets,flask,1837,1103015910,renamed,2017-05-30T20:03:44Z,,,davidism
pallets,flask,1837,1103016265,renamed,2017-05-30T20:03:58Z,,,davidism
pallets,flask,1837,1103057782,mentioned,2017-05-30T20:30:21Z,,,untitaker
pallets,flask,1837,1103057783,subscribed,2017-05-30T20:30:21Z,,,untitaker
pallets,flask,1837,1103068861,milestoned,2017-05-30T20:37:34Z,,,davidism
pallets,flask,1837,1103068872,milestoned,2017-05-30T20:37:34Z,,,davidism
pallets,flask,1837,1105221230,mentioned,2017-06-01T01:10:00Z,,,georgthegreat
pallets,flask,1837,1105221231,subscribed,2017-06-01T01:10:00Z,,,georgthegreat
pallets,flask,1837,1105221232,closed,2017-06-01T01:10:00Z,,,davidism
pallets,flask,1837,3996040084,locked,2020-11-14T03:52:35Z,,,github-actions[bot]
pallets,flask,1829,684870145,labeled,2016-06-07T19:43:24Z,,,untitaker
pallets,flask,1829,704361457,labeled,2016-06-26T23:34:49Z,,,davidism
pallets,flask,1829,888627229,mentioned,2016-12-09T17:04:59Z,,,mitsuhiko
pallets,flask,1829,888627230,subscribed,2016-12-09T17:04:59Z,,,mitsuhiko
pallets,flask,1829,888693766,mentioned,2016-12-09T17:58:40Z,,,ferbecab03
pallets,flask,1829,888693767,subscribed,2016-12-09T17:58:40Z,,,ferbecab03
pallets,flask,1829,894599415,mentioned,2016-12-15T01:58:22Z,,,ALL
pallets,flask,1829,894599416,mentioned,2016-12-15T01:58:22Z,,,mitsuhiko
pallets,flask,1829,894599417,subscribed,2016-12-15T01:58:22Z,,,mitsuhiko
pallets,flask,1829,905237591,closed,2016-12-26T18:59:20Z,,,mitsuhiko
pallets,flask,1829,3995934836,locked,2020-11-14T01:42:20Z,,,github-actions[bot]
pallets,flask,1829,5429057441,referenced,2021-10-07T14:42:54Z,53aec7df89f205bbbefdd625fc379c31fd2a95da,https://api.github.com/repos/pughlab/matchminer-api-v1/commits/53aec7df89f205bbbefdd625fc379c31fd2a95da,suluxan
pallets,flask,1427,278767095,milestoned,2015-04-11T11:29:39Z,,,untitaker
pallets,flask,1427,278767163,labeled,2015-04-11T11:29:50Z,,,untitaker
pallets,flask,1427,680091544,mentioned,2016-06-02T17:00:39Z,,,ThiefMaster
pallets,flask,1427,680091545,subscribed,2016-06-02T17:00:39Z,,,ThiefMaster
pallets,flask,1427,681345877,closed,2016-06-03T16:17:04Z,,,b4stien
pallets,flask,1427,3996084646,locked,2020-11-14T05:07:25Z,,,github-actions[bot]
pallets,flask,1406,267943932,closed,2015-03-29T16:28:12Z,,,untitaker
pallets,flask,1406,267954557,mentioned,2015-03-29T16:59:58Z,,,ThiefMaster
pallets,flask,1406,267954558,subscribed,2015-03-29T16:59:58Z,,,ThiefMaster
pallets,flask,1406,267957344,reopened,2015-03-29T17:13:37Z,,,untitaker
pallets,flask,1406,267957362,labeled,2015-03-29T17:13:39Z,,,untitaker
pallets,flask,1406,267957918,closed,2015-03-29T17:16:25Z,,,untitaker
pallets,flask,1406,3996003211,locked,2020-11-14T02:52:40Z,,,github-actions[bot]
pallets,flask,1348,1108233969,labeled,2017-06-02T17:54:25Z,,,davidism
pallets,flask,1348,1108234128,labeled,2017-06-02T17:54:31Z,,,davidism
pallets,flask,1348,1108234183,milestoned,2017-06-02T17:54:32Z,,,davidism
pallets,flask,1348,1108234233,assigned,2017-06-02T17:54:34Z,,,davidism
pallets,flask,1348,1108932347,closed,2017-06-03T19:26:15Z,,,davidism
pallets,flask,1348,4828565488,locked,2021-06-02T00:20:39Z,,,github-actions[bot]
pallets,flask,1330,226147820,referenced,2015-01-28T15:37:59Z,0df0257e711cc4f56aad2f06344f4f8809c54383,https://api.github.com/repos/KarelJakubec/flask/commits/0df0257e711cc4f56aad2f06344f4f8809c54383,KarelJakubec
pallets,flask,1330,226156454,labeled,2015-01-28T15:49:03Z,,,untitaker
pallets,flask,1330,226694669,closed,2015-01-29T09:24:38Z,,,KarelJakubec
pallets,flask,1330,3996115437,locked,2020-11-14T05:52:20Z,,,github-actions[bot]
pallets,flask,1173,175257146,labeled,2014-10-07T17:08:40Z,,,untitaker
pallets,flask,1173,180542501,closed,2014-10-19T18:20:57Z,,,untitaker
pallets,flask,1173,183633733,mentioned,2014-10-25T10:52:13Z,,,davidabarrett
pallets,flask,1173,183633734,subscribed,2014-10-25T10:52:13Z,,,davidabarrett
pallets,flask,1173,183791496,mentioned,2014-10-26T18:39:11Z,,,untitaker
pallets,flask,1173,183791497,subscribed,2014-10-26T18:39:11Z,,,untitaker
pallets,flask,1173,3996115642,locked,2020-11-14T05:52:34Z,,,github-actions[bot]
pallets,flask,1169,171246144,mentioned,2014-09-28T23:04:56Z,,,baisk
pallets,flask,1169,171246145,subscribed,2014-09-28T23:04:56Z,,,baisk
pallets,flask,1169,171268424,mentioned,2014-09-29T02:06:45Z,,,baisk
pallets,flask,1169,171268425,subscribed,2014-09-29T02:06:45Z,,,baisk
pallets,flask,1169,171434004,mentioned,2014-09-29T11:59:50Z,,,brunsgaard
pallets,flask,1169,171434005,subscribed,2014-09-29T11:59:50Z,,,brunsgaard
pallets,flask,1169,175257141,labeled,2014-10-07T17:08:40Z,,,untitaker
pallets,flask,1169,180542565,mentioned,2014-10-19T18:21:36Z,,,lapointexavier
pallets,flask,1169,180542566,subscribed,2014-10-19T18:21:36Z,,,lapointexavier
pallets,flask,1169,295595009,mentioned,2015-05-02T23:33:21Z,,,baisk
pallets,flask,1169,295595010,subscribed,2015-05-02T23:33:21Z,,,baisk
pallets,flask,1169,457768405,mentioned,2015-11-07T07:29:02Z,,,untitaker
pallets,flask,1169,457768406,subscribed,2015-11-07T07:29:02Z,,,untitaker
pallets,flask,1169,457812784,closed,2015-11-07T09:15:11Z,,,untitaker
pallets,flask,1169,2400962131,comment_deleted,2019-06-10T13:29:22Z,,,pallets
pallets,flask,1169,3995967054,locked,2020-11-14T02:21:23Z,,,github-actions[bot]
pallets,flask,1167,160897306,mentioned,2014-09-03T23:54:48Z,,,whatsdis
pallets,flask,1167,160897307,subscribed,2014-09-03T23:54:48Z,,,whatsdis
pallets,flask,1167,161083962,mentioned,2014-09-04T09:48:43Z,,,untitaker
pallets,flask,1167,161083963,subscribed,2014-09-04T09:48:43Z,,,untitaker
pallets,flask,1167,161083964,mentioned,2014-09-04T09:48:43Z,,,DasIch
pallets,flask,1167,161083965,subscribed,2014-09-04T09:48:43Z,,,DasIch
pallets,flask,1167,175257140,labeled,2014-10-07T17:08:40Z,,,untitaker
pallets,flask,1167,180542724,closed,2014-10-19T18:23:11Z,,,untitaker
pallets,flask,1167,3996127893,locked,2020-11-14T06:08:40Z,,,github-actions[bot]
pallets,flask,1124,142683591,mentioned,2014-07-17T14:55:03Z,,,mitsuhiko
pallets,flask,1124,142683592,subscribed,2014-07-17T14:55:03Z,,,mitsuhiko
pallets,flask,1124,142683593,mentioned,2014-07-17T14:55:03Z,,,SherMM
pallets,flask,1124,142683594,subscribed,2014-07-17T14:55:03Z,,,SherMM
pallets,flask,1124,142911091,mentioned,2014-07-17T23:49:12Z,,,erwagasore
pallets,flask,1124,142911092,subscribed,2014-07-17T23:49:12Z,,,erwagasore
pallets,flask,1124,142918326,mentioned,2014-07-18T00:22:50Z,,,erwagasore
pallets,flask,1124,142918327,subscribed,2014-07-18T00:22:50Z,,,erwagasore
pallets,flask,1124,158422231,closed,2014-08-28T14:18:57Z,,,untitaker
pallets,flask,1124,158424199,reopened,2014-08-28T14:22:03Z,,,untitaker
pallets,flask,1124,158424404,renamed,2014-08-28T14:22:25Z,,,untitaker
pallets,flask,1124,158424451,renamed,2014-08-28T14:22:29Z,,,untitaker
pallets,flask,1124,175257137,labeled,2014-10-07T17:08:40Z,,,untitaker
pallets,flask,1124,180922087,milestoned,2014-10-20T14:57:49Z,,,untitaker
pallets,flask,1124,193225960,mentioned,2014-11-14T10:01:00Z,,,weichaao
pallets,flask,1124,193225961,subscribed,2014-11-14T10:01:00Z,,,weichaao
pallets,flask,1124,228622226,mentioned,2015-02-02T16:33:27Z,,,betterenvi
pallets,flask,1124,228622227,subscribed,2015-02-02T16:33:27Z,,,betterenvi
pallets,flask,1124,284396010,referenced,2015-04-18T05:32:59Z,154bc180f1f8cd03ea31b1abfb7c1c016eab0366,https://api.github.com/repos/mreinhardt/flask/commits/154bc180f1f8cd03ea31b1abfb7c1c016eab0366,mreinhardt
pallets,flask,1124,668264826,labeled,2016-05-22T17:14:58Z,,,davidism
pallets,flask,1124,673626879,closed,2016-05-26T19:29:49Z,,,mitsuhiko
pallets,flask,1124,3996084764,locked,2020-11-14T05:07:35Z,,,github-actions[bot]
pallets,flask,941,86190954,referenced,2014-01-14T20:23:15Z,c9e2d30b74682ef7538ccc1c825d73de68837263,https://api.github.com/repos/untitaker/flask/commits/c9e2d30b74682ef7538ccc1c825d73de68837263,untitaker
pallets,flask,941,86194209,referenced,2014-01-14T20:35:49Z,dc3449a9597b4f26993c3b1c8fdb77811bc64aa4,https://api.github.com/repos/untitaker/flask/commits/dc3449a9597b4f26993c3b1c8fdb77811bc64aa4,untitaker
pallets,flask,941,88906343,referenced,2014-01-27T20:47:27Z,ce10f8489719ef9f881d6d0b969866e9eb5cc41a,https://api.github.com/repos/untitaker/flask/commits/ce10f8489719ef9f881d6d0b969866e9eb5cc41a,untitaker
pallets,flask,941,180541709,closed,2014-10-19T18:14:59Z,,,untitaker
pallets,flask,941,348102432,mentioned,2015-07-05T19:38:14Z,,,flying-sheep
pallets,flask,941,348102433,subscribed,2015-07-05T19:38:14Z,,,flying-sheep
pallets,flask,941,348102486,reopened,2015-07-05T19:38:19Z,,,untitaker
pallets,flask,941,348102543,labeled,2015-07-05T19:38:24Z,,,untitaker
pallets,flask,941,348102544,labeled,2015-07-05T19:38:24Z,,,untitaker
pallets,flask,941,348403154,mentioned,2015-07-06T09:10:39Z,,,Bekt
pallets,flask,941,348403155,subscribed,2015-07-06T09:10:39Z,,,Bekt
pallets,flask,941,980749226,labeled,2017-02-28T20:08:19Z,,,untitaker
pallets,flask,941,1092706718,referenced,2017-05-22T23:16:28Z,fe041b7165a842880e626382df414d0f782158ec,https://api.github.com/repos/cerickson/flask/commits/fe041b7165a842880e626382df414d0f782158ec,cerickson
pallets,flask,941,1094158719,referenced,2017-05-23T17:38:12Z,637eae548935ad1434459c1afac286c8686abeed,https://api.github.com/repos/cerickson/flask/commits/637eae548935ad1434459c1afac286c8686abeed,cerickson
pallets,flask,941,1094174264,referenced,2017-05-23T17:47:13Z,4f815015b803a146ddc24a2dfadd9ed9b22d7de7,https://api.github.com/repos/cerickson/flask/commits/4f815015b803a146ddc24a2dfadd9ed9b22d7de7,cerickson
pallets,flask,941,1094378430,closed,2017-05-23T19:55:33Z,,,jeffwidman
pallets,flask,941,2785245848,mentioned,2019-11-09T10:57:45Z,,,Bekt
pallets,flask,941,2785245849,subscribed,2019-11-09T10:57:45Z,,,Bekt
pallets,flask,941,2790021079,mentioned,2019-11-12T03:28:38Z,,,antgel
pallets,flask,941,2790021080,subscribed,2019-11-12T03:28:38Z,,,antgel
pallets,flask,941,3837692215,locked,2020-10-04T15:55:21Z,,,pallets
psf,requests,6544,10579362445,labeled,2023-10-06T20:07:18Z,,,nateprewitt
psf,requests,6544,10580228145,closed,2023-10-06T22:34:25Z,,,nateprewitt
psf,requests,6544,14529222704,locked,2024-10-06T00:04:29Z,,,github-actions[bot]
psf,requests,6104,6381983670,mentioned,2022-04-06T17:29:33Z,,,lsrzj
psf,requests,6104,6381983685,subscribed,2022-04-06T17:29:33Z,,,lsrzj
psf,requests,6104,6382012332,mentioned,2022-04-06T17:33:38Z,,,lsrzj
psf,requests,6104,6382012345,subscribed,2022-04-06T17:33:38Z,,,lsrzj
psf,requests,6104,6382292736,mentioned,2022-04-06T18:14:52Z,,,lsrzj
psf,requests,6104,6382292741,subscribed,2022-04-06T18:14:52Z,,,lsrzj
psf,requests,6104,6382295002,labeled,2022-04-06T18:15:17Z,,,nateprewitt
psf,requests,6104,6382295006,labeled,2022-04-06T18:15:17Z,,,nateprewitt
psf,requests,6104,6382710687,mentioned,2022-04-06T19:10:15Z,,,lsrzj
psf,requests,6104,6382710694,subscribed,2022-04-06T19:10:15Z,,,lsrzj
psf,requests,6104,6385229438,milestoned,2022-04-07T05:19:42Z,,,nateprewitt
psf,requests,6104,6408210718,mentioned,2022-04-11T11:35:03Z,,,nateprewitt
psf,requests,6104,6408210725,subscribed,2022-04-11T11:35:03Z,,,nateprewitt
psf,requests,6104,6409756069,assigned,2022-04-11T14:52:10Z,,,xororist
psf,requests,6104,6409876967,mentioned,2022-04-11T15:06:03Z,,,lsrzj
psf,requests,6104,6409876974,subscribed,2022-04-11T15:06:03Z,,,lsrzj
psf,requests,6104,6409876980,mentioned,2022-04-11T15:06:03Z,,,xororist
psf,requests,6104,6409876984,subscribed,2022-04-11T15:06:03Z,,,xororist
psf,requests,6104,6410931695,mentioned,2022-04-11T17:13:15Z,,,lsrzj
psf,requests,6104,6410931702,subscribed,2022-04-11T17:13:15Z,,,lsrzj
psf,requests,6104,6410931709,mentioned,2022-04-11T17:13:15Z,,,xororist
psf,requests,6104,6410931713,subscribed,2022-04-11T17:13:15Z,,,xororist
psf,requests,6104,6411303279,mentioned,2022-04-11T18:12:02Z,,,nateprewitt
psf,requests,6104,6411303286,subscribed,2022-04-11T18:12:03Z,,,nateprewitt
psf,requests,6104,6411336322,mentioned,2022-04-11T18:17:31Z,,,xororist
psf,requests,6104,6411336325,subscribed,2022-04-11T18:17:31Z,,,xororist
psf,requests,6104,6491196052,mentioned,2022-04-25T14:53:44Z,,,nateprewitt
psf,requests,6104,6491196060,subscribed,2022-04-25T14:53:44Z,,,nateprewitt
psf,requests,6104,6491344142,mentioned,2022-04-25T15:10:58Z,,,xororist
psf,requests,6104,6491344153,subscribed,2022-04-25T15:10:58Z,,,xororist
psf,requests,6104,6721612952,closed,2022-06-01T17:38:01Z,,,nateprewitt
psf,requests,6104,6721612970,mentioned,2022-06-01T17:38:01Z,,,lsrzj
psf,requests,6104,6721612978,subscribed,2022-06-01T17:38:01Z,,,lsrzj
psf,requests,6104,6721613910,unassigned,2022-06-01T17:38:09Z,,,xororist
psf,requests,6104,9408935501,locked,2023-06-02T00:03:15Z,,,github-actions[bot]
psf,requests,6027,5837392136,mentioned,2022-01-03T22:17:03Z,,,flameaway
psf,requests,6027,5837392140,subscribed,2022-01-03T22:17:03Z,,,flameaway
psf,requests,6027,5840589854,mentioned,2022-01-04T13:59:55Z,,,adamp01
psf,requests,6027,5840589861,subscribed,2022-01-04T13:59:55Z,,,adamp01
psf,requests,6027,5840766803,mentioned,2022-01-04T14:30:01Z,,,racam
psf,requests,6027,5840766814,subscribed,2022-01-04T14:30:01Z,,,racam
psf,requests,6027,5840766827,mentioned,2022-01-04T14:30:01Z,,,adamp01
psf,requests,6027,5840766837,subscribed,2022-01-04T14:30:01Z,,,adamp01
psf,requests,6027,5840783900,mentioned,2022-01-04T14:33:03Z,,,racam
psf,requests,6027,5840783910,subscribed,2022-01-04T14:33:03Z,,,racam
psf,requests,6027,5840783927,mentioned,2022-01-04T14:33:03Z,,,adamp01
psf,requests,6027,5840783933,subscribed,2022-01-04T14:33:04Z,,,adamp01
psf,requests,6027,5841222108,labeled,2022-01-04T15:45:04Z,,,nateprewitt
psf,requests,6027,5841334137,closed,2022-01-04T16:04:26Z,,,sigmavirus24
psf,requests,6027,6364789772,locked,2022-04-04T17:04:26Z,,,github-actions[bot]
psf,requests,5921,5239173566,referenced,2021-09-01T12:19:23Z,20deab48dc441f4d46d5589a996ec388361e562c,https://api.github.com/repos/brmzkw/requests/commits/20deab48dc441f4d46d5589a996ec388361e562c,brmzkw
psf,requests,5921,5239333905,referenced,2021-09-01T12:47:59Z,62b3d6a26ad2568e63a6603076479723128ca09e,https://api.github.com/repos/brmzkw/requests/commits/62b3d6a26ad2568e63a6603076479723128ca09e,brmzkw
psf,requests,5921,5244136016,mentioned,2021-09-02T03:33:32Z,,,brmzkw
psf,requests,5921,5244136019,subscribed,2021-09-02T03:33:32Z,,,brmzkw
psf,requests,5921,5251242359,mentioned,2021-09-03T04:37:45Z,,,brmzkw
psf,requests,5921,5251242360,subscribed,2021-09-03T04:37:45Z,,,brmzkw
psf,requests,5921,5251242918,labeled,2021-09-03T04:38:01Z,,,nateprewitt
psf,requests,5921,5251242920,labeled,2021-09-03T04:38:01Z,,,nateprewitt
psf,requests,5921,5256864845,closed,2021-09-04T21:37:49Z,,,nateprewitt
psf,requests,5921,5256864849,mentioned,2021-09-04T21:37:49Z,,,brmzkw
psf,requests,5921,5256864850,subscribed,2021-09-04T21:37:49Z,,,brmzkw
psf,requests,5921,5714592988,locked,2021-12-03T22:00:27Z,,,github-actions[bot]
psf,requests,5891,5083504005,referenced,2021-07-29T02:56:21Z,3c32ae829d2ad999fb0d15157ea054a0fc99b800,https://api.github.com/repos/dbaxa/requests/commits/3c32ae829d2ad999fb0d15157ea054a0fc99b800,dbaxa
psf,requests,5891,5085781392,mentioned,2021-07-29T12:33:55Z,,,omermizr
psf,requests,5891,5085781395,subscribed,2021-07-29T12:33:55Z,,,omermizr
psf,requests,5891,5088301341,labeled,2021-07-29T21:00:43Z,,,nateprewitt
psf,requests,5891,5088661036,referenced,2021-07-29T22:56:47Z,cf2e3fdc4d9f3072888a74d926b0039d897e6fba,https://api.github.com/repos/dbaxa/requests/commits/cf2e3fdc4d9f3072888a74d926b0039d897e6fba,dbaxa
psf,requests,5891,5829171925,closed,2021-12-30T21:40:47Z,,,nateprewitt
psf,requests,5891,6338598329,locked,2022-03-30T22:00:46Z,,,github-actions[bot]
psf,requests,5888,5077124827,mentioned,2021-07-27T23:24:33Z,,,sigmavirus24
psf,requests,5888,5077124828,subscribed,2021-07-27T23:24:34Z,,,sigmavirus24
psf,requests,5888,5077124830,mentioned,2021-07-27T23:24:34Z,,,chris-sawarzynski
psf,requests,5888,5077124832,subscribed,2021-07-27T23:24:34Z,,,chris-sawarzynski
psf,requests,5888,5077181769,labeled,2021-07-27T23:50:31Z,,,nateprewitt
psf,requests,5888,5245163414,milestoned,2021-09-02T07:24:53Z,,,nateprewitt
psf,requests,5888,5669004199,closed,2021-11-24T19:28:59Z,,,nateprewitt
psf,requests,5888,6120624729,locked,2022-02-22T20:00:23Z,,,github-actions[bot]
psf,requests,5855,4968863962,renamed,2021-07-02T01:15:24Z,,,leifwalsh
psf,requests,5855,4979215042,mentioned,2021-07-05T15:34:56Z,,,sethmlarson
psf,requests,5855,4979215046,subscribed,2021-07-05T15:34:56Z,,,sethmlarson
psf,requests,5855,5220304254,labeled,2021-08-27T19:23:20Z,,,nateprewitt
psf,requests,5855,5249310373,milestoned,2021-09-02T18:29:03Z,,,nateprewitt
psf,requests,5855,5829166107,closed,2021-12-30T21:36:55Z,,,nateprewitt
psf,requests,5855,6338598389,locked,2022-03-30T22:00:46Z,,,github-actions[bot]
psf,requests,4986,2144903910,labeled,2019-02-17T21:15:06Z,,,timofurrer
psf,requests,4986,2144904213,labeled,2019-02-17T21:15:45Z,,,timofurrer
psf,requests,4986,5125305432,closed,2021-08-07T02:26:11Z,,,nateprewitt
psf,requests,4986,5572173669,locked,2021-11-05T03:00:29Z,,,github-actions[bot]
psf,requests,4748,1750451043,mentioned,2018-07-24T15:15:28Z,,,derlin
psf,requests,4748,1750451047,subscribed,2018-07-24T15:15:28Z,,,derlin
psf,requests,4748,1750498057,labeled,2018-07-24T15:33:11Z,,,nateprewitt
psf,requests,4748,1750525091,mentioned,2018-07-24T15:44:04Z,,,nateprewitt
psf,requests,4748,1750525093,subscribed,2018-07-24T15:44:04Z,,,nateprewitt
psf,requests,4748,1750597034,referenced,2018-07-24T16:14:07Z,907c927d60f4ba3f09cf3574a5ae90ab76aa1717,https://api.github.com/repos/derlin/requests/commits/907c927d60f4ba3f09cf3574a5ae90ab76aa1717,derlin
psf,requests,4748,1750666290,closed,2018-07-24T16:46:20Z,,,nateprewitt
psf,requests,4748,5268880066,locked,2021-09-08T01:21:09Z,,,github-actions[bot]
psf,requests,4746,1750497250,mentioned,2018-07-24T15:32:51Z,,,Arduous
psf,requests,4746,1750497252,subscribed,2018-07-24T15:32:51Z,,,Arduous
psf,requests,4746,1750497531,labeled,2018-07-24T15:32:57Z,,,nateprewitt
psf,requests,4746,1875673053,closed,2018-10-01T02:25:44Z,,,nateprewitt
psf,requests,4746,5262810711,locked,2021-09-07T00:06:16Z,,,github-actions[bot]
psf,requests,4716,1703769578,labeled,2018-06-27T12:31:24Z,,,sigmavirus24
psf,requests,4716,1706533959,referenced,2018-06-28T14:44:20Z,f8b45f0271ecf084ce83c7b7f1d0e6558a0c20d4,https://api.github.com/repos/bmerry/requests/commits/f8b45f0271ecf084ce83c7b7f1d0e6558a0c20d4,bmerry
psf,requests,4716,1707987576,referenced,2018-06-29T07:09:51Z,3fbdd888a6406108edcf0633637dac8cbff757bc,https://api.github.com/repos/bmerry/requests/commits/3fbdd888a6406108edcf0633637dac8cbff757bc,bmerry
psf,requests,4716,1828280032,referenced,2018-09-05T16:09:21Z,be32cb82ece100fdbc2a04f2a770cef1022d521e,https://api.github.com/repos/bmerry/requests/commits/be32cb82ece100fdbc2a04f2a770cef1022d521e,bmerry
psf,requests,4716,1845528946,referenced,2018-09-14T08:45:07Z,3331e2aecdbf575dd60abef4df79c52d78610a83,https://api.github.com/repos/bmerry/requests/commits/3331e2aecdbf575dd60abef4df79c52d78610a83,bmerry
psf,requests,4716,1845949834,closed,2018-09-14T12:08:05Z,,,nateprewitt
psf,requests,4716,1904358559,mentioned,2018-10-15T15:01:42Z,,,thinkt4nk
psf,requests,4716,1904358560,subscribed,2018-10-15T15:01:42Z,,,thinkt4nk
psf,requests,4716,1933370128,referenced,2018-10-29T20:29:50Z,6cab1266429e7c82038c7c4f2a60acc543b819c5,https://api.github.com/repos/ianklatzco/discord-sms-bridge/commits/6cab1266429e7c82038c7c4f2a60acc543b819c5,ianklatzco
psf,requests,4716,1933679185,referenced,2018-10-29T23:08:49Z,5f91a3c26e6a780a629180b36933d150c8f9b375,https://api.github.com/repos/CruGlobal/jenkins-jobs/commits/5f91a3c26e6a780a629180b36933d150c8f9b375,mattdrees
psf,requests,4716,1935693692,referenced,2018-10-30T17:00:16Z,9b0aed8eef3f3b75a10c2f2e8a4289c4df095dd5,https://api.github.com/repos/llimllib/limbo/commits/9b0aed8eef3f3b75a10c2f2e8a4289c4df095dd5,llimllib
psf,requests,4716,1949187659,referenced,2018-11-06T15:05:57Z,f1ad78af317800a4d436b605e9a810fa127021a6,https://api.github.com/repos/llimllib/limbo/commits/f1ad78af317800a4d436b605e9a810fa127021a6,llimllib
psf,requests,4716,5262810569,locked,2021-09-07T00:06:10Z,,,github-actions[bot]
psf,requests,4649,1630064612,assigned,2018-05-16T16:34:15Z,,,emmnx
psf,requests,4649,1630064863,labeled,2018-05-16T16:34:21Z,,,sigmavirus24
psf,requests,4649,1630066232,mentioned,2018-05-16T16:34:57Z,,,emmnx
psf,requests,4649,1630066233,subscribed,2018-05-16T16:34:57Z,,,emmnx
psf,requests,4649,1630176299,labeled,2018-05-16T17:28:52Z,,,sigmavirus24
psf,requests,4649,1630176301,unlabeled,2018-05-16T17:28:52Z,,,sigmavirus24
psf,requests,4649,1630176457,unassigned,2018-05-16T17:28:55Z,,,emmnx
psf,requests,4649,1882356133,closed,2018-10-03T16:11:33Z,,,emmnx
psf,requests,4649,1882356134,mentioned,2018-10-03T16:11:33Z,,,rozuur
psf,requests,4649,1882356135,subscribed,2018-10-03T16:11:33Z,,,rozuur
psf,requests,4649,5262810660,locked,2021-09-07T00:06:14Z,,,github-actions[bot]
psf,requests,4592,1577937618,mentioned,2018-04-17T06:11:07Z,,,paultiplady
psf,requests,4592,1577937619,subscribed,2018-04-17T06:11:07Z,,,paultiplady
psf,requests,4592,1580144667,mentioned,2018-04-17T22:35:16Z,,,paultiplady
psf,requests,4592,1580144668,subscribed,2018-04-17T22:35:16Z,,,paultiplady
psf,requests,4592,1580144669,mentioned,2018-04-17T22:35:16Z,,,sethmlarson
psf,requests,4592,1580144670,subscribed,2018-04-17T22:35:16Z,,,sethmlarson
psf,requests,4592,1587605325,labeled,2018-04-21T20:52:44Z,,,nateprewitt
psf,requests,4592,2091009879,mentioned,2019-01-23T08:57:28Z,,,nateprewitt
psf,requests,4592,2091009882,subscribed,2019-01-23T08:57:28Z,,,nateprewitt
psf,requests,4592,12859049076,closed,2024-05-19T19:10:14Z,,,sethmlarson
psf,requests,4592,17723651324,locked,2025-05-20T00:04:53Z,,,github-actions[bot]
psf,requests,4443,1405606138,closed,2018-01-01T18:05:25Z,,,sigmavirus24
psf,requests,4443,1405608978,reopened,2018-01-01T18:19:59Z,,,sigmavirus24
psf,requests,4443,1405609204,labeled,2018-01-01T18:21:07Z,,,sigmavirus24
psf,requests,4443,1434160676,mentioned,2018-01-21T18:53:24Z,,,stcioc
psf,requests,4443,1434160677,subscribed,2018-01-21T18:53:24Z,,,stcioc
psf,requests,4443,1434160678,closed,2018-01-21T18:53:24Z,,,nateprewitt
psf,requests,4443,5269473638,locked,2021-09-08T04:00:47Z,,,github-actions[bot]
psf,requests,4401,1359177499,labeled,2017-11-27T13:00:13Z,,,sigmavirus24
psf,requests,4401,1359177500,labeled,2017-11-27T13:00:13Z,,,sigmavirus24
psf,requests,4401,1359177501,labeled,2017-11-27T13:00:13Z,,,sigmavirus24
psf,requests,4401,1360204350,closed,2017-11-27T21:52:45Z,,,Lukasa
psf,requests,4401,5269644482,locked,2021-09-08T05:00:52Z,,,github-actions[bot]
psf,requests,4392,1350559083,subscribed,2017-11-20T19:24:20Z,,,kennethreitz
psf,requests,4392,1350559084,subscribed,2017-11-20T19:24:20Z,,,sigmavirus24
psf,requests,4392,1350559086,subscribed,2017-11-20T19:24:20Z,,,Lukasa
psf,requests,4392,1350559088,subscribed,2017-11-20T19:24:20Z,,,nateprewitt
psf,requests,4392,5256857379,labeled,2021-09-04T21:25:26Z,,,nateprewitt
psf,requests,4392,12859032143,closed,2024-05-19T18:59:48Z,,,sethmlarson
psf,requests,4392,17723652234,locked,2025-05-20T00:05:00Z,,,github-actions[bot]
psf,requests,4362,1319314932,mentioned,2017-10-31T17:47:32Z,,,kennethreitz
psf,requests,4362,1319314933,subscribed,2017-10-31T17:47:32Z,,,kennethreitz
psf,requests,4362,1348623803,mentioned,2017-11-19T03:23:20Z,,,fevertree
psf,requests,4362,1348623804,subscribed,2017-11-19T03:23:20Z,,,fevertree
psf,requests,4362,1514793484,assigned,2018-03-10T21:07:19Z,,,kennethreitz
psf,requests,4362,1514793542,labeled,2018-03-10T21:07:29Z,,,kennethreitz
psf,requests,4362,4314625411,referenced,2021-02-10T12:57:08Z,18e345b374f28a3307012d2682ab21a7dc503e2c,https://api.github.com/repos/luckydenis/requests/commits/18e345b374f28a3307012d2682ab21a7dc503e2c,luckydenis
psf,requests,4362,5823175099,closed,2021-12-29T02:32:57Z,,,nateprewitt
psf,requests,4362,5823175104,mentioned,2021-12-29T02:32:57Z,,,luckydenis
psf,requests,4362,5823175105,subscribed,2021-12-29T02:32:57Z,,,luckydenis
psf,requests,4362,6323062202,locked,2022-03-29T03:12:39Z,,,github-actions[bot]
psf,requests,4275,1234890370,referenced,2017-09-05T13:36:17Z,04c27379dcbf20e98e11d7bd20ba370ef0fbfc31,https://api.github.com/repos/mattbennett/nameko/commits/04c27379dcbf20e98e11d7bd20ba370ef0fbfc31,mattbennett
psf,requests,4275,1379291018,labeled,2017-12-08T18:09:09Z,,,sigmavirus24
psf,requests,4275,1379291019,labeled,2017-12-08T18:09:09Z,,,sigmavirus24
psf,requests,4275,1426206648,closed,2018-01-16T14:07:27Z,,,sigmavirus24
psf,requests,4275,5269473795,locked,2021-09-08T04:00:51Z,,,github-actions[bot]
psf,requests,4030,1086217453,mentioned,2017-05-17T15:29:30Z,,,sigmavirus24
psf,requests,4030,1086217455,subscribed,2017-05-17T15:29:30Z,,,sigmavirus24
psf,requests,4030,1086224611,assigned,2017-05-17T15:33:01Z,,,sigmavirus24
psf,requests,4030,1086224844,labeled,2017-05-17T15:33:09Z,,,kennethreitz
psf,requests,4030,1086224846,labeled,2017-05-17T15:33:09Z,,,kennethreitz
psf,requests,4030,1086224848,labeled,2017-05-17T15:33:10Z,,,kennethreitz
psf,requests,4030,1086225049,labeled,2017-05-17T15:33:16Z,,,kennethreitz
psf,requests,4030,1086271360,unassigned,2017-05-17T15:57:21Z,,,sigmavirus24
psf,requests,4030,1087016744,closed,2017-05-18T01:41:01Z,,,sigmavirus24
psf,requests,4030,5271196763,locked,2021-09-08T10:00:47Z,,,github-actions[bot]
psf,requests,3696,861307383,labeled,2016-11-16T16:06:37Z,,,Lukasa
psf,requests,3696,861307384,labeled,2016-11-16T16:06:37Z,,,Lukasa
psf,requests,3696,861310632,renamed,2016-11-16T16:08:17Z,,,hussaintamboli
psf,requests,3696,861440519,referenced,2016-11-16T17:20:24Z,248d3e9f0f8ea1657d9329f8b188a81ca2a65ecc,https://api.github.com/repos/hussaintamboli/requests/commits/248d3e9f0f8ea1657d9329f8b188a81ca2a65ecc,hussaintamboli
psf,requests,3696,861556605,referenced,2016-11-16T18:33:00Z,1e198f911512ed51b6ada450823c9570ca9c7501,https://api.github.com/repos/psf/requests/commits/1e198f911512ed51b6ada450823c9570ca9c7501,Lukasa
psf,requests,3696,861564637,closed,2016-11-16T18:38:12Z,,,hussaintamboli
psf,requests,3696,5272538566,locked,2021-09-08T14:00:34Z,,,github-actions[bot]
psf,requests,3689,860698893,labeled,2016-11-16T08:36:39Z,,,Lukasa
psf,requests,3689,860698895,labeled,2016-11-16T08:36:39Z,,,Lukasa
psf,requests,3689,860855623,closed,2016-11-16T10:33:48Z,,,Lukasa
psf,requests,3689,5272538707,locked,2021-09-08T14:00:35Z,,,github-actions[bot]
psf,requests,3683,859508322,renamed,2016-11-15T14:51:29Z,,,MikeVL
psf,requests,3683,859518128,labeled,2016-11-15T14:57:51Z,,,Lukasa
psf,requests,3683,859533058,closed,2016-11-15T15:07:42Z,,,Lukasa
psf,requests,3683,860221516,mentioned,2016-11-15T22:56:53Z,,,kottenator
psf,requests,3683,860221517,subscribed,2016-11-15T22:56:53Z,,,kottenator
psf,requests,3683,860308711,mentioned,2016-11-16T00:23:26Z,,,sigmavirus24
psf,requests,3683,860308712,subscribed,2016-11-16T00:23:26Z,,,sigmavirus24
psf,requests,3683,860308713,mentioned,2016-11-16T00:23:26Z,,,Lukasa
psf,requests,3683,860308714,subscribed,2016-11-16T00:23:26Z,,,Lukasa
psf,requests,3683,860698438,mentioned,2016-11-16T08:36:09Z,,,StewPoll
psf,requests,3683,860698439,subscribed,2016-11-16T08:36:09Z,,,StewPoll
psf,requests,3683,862090245,mentioned,2016-11-17T01:24:35Z,,,mfriedenhagen
psf,requests,3683,862090246,subscribed,2016-11-17T01:24:35Z,,,mfriedenhagen
psf,requests,3683,862101893,mentioned,2016-11-17T01:39:05Z,,,Lukasa
psf,requests,3683,862101894,subscribed,2016-11-17T01:39:05Z,,,Lukasa
psf,requests,3683,862101895,mentioned,2016-11-17T01:39:05Z,,,sigmavirus24
psf,requests,3683,862101896,subscribed,2016-11-17T01:39:05Z,,,sigmavirus24
psf,requests,3683,862749846,mentioned,2016-11-17T12:58:21Z,,,mfriedenhagen
psf,requests,3683,862749847,subscribed,2016-11-17T12:58:21Z,,,mfriedenhagen
psf,requests,3683,862749849,mentioned,2016-11-17T12:58:21Z,,,rsaikali
psf,requests,3683,862749851,subscribed,2016-11-17T12:58:21Z,,,rsaikali
psf,requests,3683,862749853,mentioned,2016-11-17T12:58:21Z,,,sigmavirus24
psf,requests,3683,862749854,subscribed,2016-11-17T12:58:21Z,,,sigmavirus24
psf,requests,3683,863069321,reopened,2016-11-17T16:25:47Z,,,Lukasa
psf,requests,3683,866554583,mentioned,2016-11-21T14:09:24Z,,,chaselgrove
psf,requests,3683,866554584,subscribed,2016-11-21T14:09:24Z,,,chaselgrove
psf,requests,3683,866582888,mentioned,2016-11-21T14:27:59Z,,,yarikoptic
psf,requests,3683,866582889,subscribed,2016-11-21T14:27:59Z,,,yarikoptic
psf,requests,3683,866583144,referenced,2016-11-21T14:28:08Z,18102ab5f87829140f54d4939aa4de0ef60614ea,https://api.github.com/repos/yarikoptic/datalad/commits/18102ab5f87829140f54d4939aa4de0ef60614ea,yarikoptic
psf,requests,3683,866602202,mentioned,2016-11-21T14:38:50Z,,,Lukasa
psf,requests,3683,866602203,subscribed,2016-11-21T14:38:50Z,,,Lukasa
psf,requests,3683,867051222,locked,2016-11-21T18:59:28Z,,,psf
psf,requests,3683,867051868,labeled,2016-11-21T18:59:55Z,,,Lukasa
psf,requests,3683,867051869,unlabeled,2016-11-21T18:59:55Z,,,Lukasa
psf,requests,3683,867052463,mentioned,2016-11-21T19:00:23Z,,,mfriedenhagen
psf,requests,3683,867052464,subscribed,2016-11-21T19:00:23Z,,,mfriedenhagen
psf,requests,3683,876985219,closed,2016-11-30T15:07:22Z,,,Lukasa
psf,requests,3597,801476694,labeled,2016-09-25T10:56:31Z,,,Lukasa
psf,requests,3597,801476695,labeled,2016-09-25T10:56:31Z,,,Lukasa
psf,requests,3597,801784206,mentioned,2016-09-26T05:32:35Z,,,Lukasa
psf,requests,3597,801784207,subscribed,2016-09-26T05:32:35Z,,,Lukasa
psf,requests,3597,805053429,referenced,2016-09-28T07:56:44Z,5eabcb7a2f43213f99b50f70ce64c575916f9cdc,https://api.github.com/repos/psf/requests/commits/5eabcb7a2f43213f99b50f70ce64c575916f9cdc,Lukasa
psf,requests,3597,806546344,referenced,2016-09-29T07:09:26Z,022e23c9771b013b9f081102f029103e48793ef4,https://api.github.com/repos/psf/requests/commits/022e23c9771b013b9f081102f029103e48793ef4,Lukasa
psf,requests,3597,806546549,closed,2016-09-29T07:09:41Z,,,Lukasa
psf,requests,3597,5272941788,locked,2021-09-08T15:00:43Z,,,github-actions[bot]
psf,requests,3578,792879842,mentioned,2016-09-17T05:48:55Z,,,carsonyl
psf,requests,3578,792879843,subscribed,2016-09-17T05:48:55Z,,,carsonyl
psf,requests,3578,792889537,mentioned,2016-09-17T06:51:09Z,,,Lukasa
psf,requests,3578,792889538,subscribed,2016-09-17T06:51:09Z,,,Lukasa
psf,requests,3578,792889928,labeled,2016-09-17T06:53:40Z,,,Lukasa
psf,requests,3578,792889929,labeled,2016-09-17T06:53:40Z,,,Lukasa
psf,requests,3578,792893804,closed,2016-09-17T07:19:01Z,c12122970abd651d1d9a05aa2a9535a53a9c041f,https://api.github.com/repos/psf/requests/commits/c12122970abd651d1d9a05aa2a9535a53a9c041f,Lukasa
psf,requests,3578,5272942222,locked,2021-09-08T15:00:46Z,,,github-actions[bot]
psf,requests,3518,758388938,labeled,2016-08-17T12:04:44Z,,,Lukasa
psf,requests,3518,758388939,labeled,2016-08-17T12:04:44Z,,,Lukasa
psf,requests,3518,767369821,closed,2016-08-25T12:45:16Z,,,Lukasa
psf,requests,3518,5273318226,locked,2021-09-08T16:00:25Z,,,github-actions[bot]
psf,requests,3490,750364094,mentioned,2016-08-09T19:44:51Z,,,Lukasa
psf,requests,3490,750364095,subscribed,2016-08-09T19:44:51Z,,,Lukasa
psf,requests,3490,750364141,closed,2016-08-09T19:44:54Z,,,saveman71
psf,requests,3490,751435613,mentioned,2016-08-10T14:53:58Z,,,Lukasa
psf,requests,3490,751435614,subscribed,2016-08-10T14:53:58Z,,,Lukasa
psf,requests,3490,751435668,reopened,2016-08-10T14:54:01Z,,,saveman71
psf,requests,3490,751446620,labeled,2016-08-10T15:00:51Z,,,Lukasa
psf,requests,3490,751446692,labeled,2016-08-10T15:00:54Z,,,Lukasa
psf,requests,3490,751510075,referenced,2016-08-10T15:42:46Z,aaa1294feb82c97aa4291ca6183e1fbd267c36f5,https://api.github.com/repos/nateprewitt/requests/commits/aaa1294feb82c97aa4291ca6183e1fbd267c36f5,nateprewitt
psf,requests,3490,751618029,referenced,2016-08-10T17:02:39Z,20a2b5ac71f1d6ce674ca2633172ef5964ec9c38,https://api.github.com/repos/nateprewitt/requests/commits/20a2b5ac71f1d6ce674ca2633172ef5964ec9c38,nateprewitt
psf,requests,3490,753877009,referenced,2016-08-12T11:24:43Z,f5ff345c3509a4e6eff025c9140b62f85db1ef66,https://api.github.com/repos/psf/requests/commits/f5ff345c3509a4e6eff025c9140b62f85db1ef66,sigmavirus24
psf,requests,3490,754456342,closed,2016-08-12T19:57:40Z,,,sigmavirus24
psf,requests,3490,5273318636,locked,2021-09-08T16:00:30Z,,,github-actions[bot]
psf,requests,3481,749523473,mentioned,2016-08-09T08:37:36Z,,,kennethreitz
psf,requests,3481,749523474,subscribed,2016-08-09T08:37:36Z,,,kennethreitz
psf,requests,3481,749523476,mentioned,2016-08-09T08:37:36Z,,,sigmavirus24
psf,requests,3481,749523477,subscribed,2016-08-09T08:37:36Z,,,sigmavirus24
psf,requests,3481,749525066,mentioned,2016-08-09T08:39:02Z,,,jone
psf,requests,3481,749525067,subscribed,2016-08-09T08:39:02Z,,,jone
psf,requests,3481,749525220,labeled,2016-08-09T08:39:07Z,,,Lukasa
psf,requests,3481,749532985,mentioned,2016-08-09T08:46:07Z,,,Lukasa
psf,requests,3481,749532987,subscribed,2016-08-09T08:46:07Z,,,Lukasa
psf,requests,3481,750755865,mentioned,2016-08-10T03:29:09Z,,,maxpowa
psf,requests,3481,750755866,subscribed,2016-08-10T03:29:09Z,,,maxpowa
psf,requests,3481,750755867,mentioned,2016-08-10T03:29:09Z,,,Lukasa
psf,requests,3481,750755868,subscribed,2016-08-10T03:29:09Z,,,Lukasa
psf,requests,3481,785147200,closed,2016-09-11T09:11:16Z,,,Lukasa
psf,requests,3481,5272942617,locked,2021-09-08T15:00:51Z,,,github-actions[bot]
psf,requests,3359,700069552,labeled,2016-06-22T07:12:53Z,,,Lukasa
psf,requests,3359,701081557,mentioned,2016-06-22T20:59:23Z,,,mikepelley
psf,requests,3359,701081558,subscribed,2016-06-22T20:59:23Z,,,mikepelley
psf,requests,3359,746307370,closed,2016-08-05T07:45:53Z,,,Lukasa
psf,requests,3359,749866330,reopened,2016-08-09T13:50:42Z,,,sigmavirus24
psf,requests,3359,774666563,mentioned,2016-09-01T06:05:16Z,,,Lukasa
psf,requests,3359,774666564,subscribed,2016-09-01T06:05:16Z,,,Lukasa
psf,requests,3359,774666565,mentioned,2016-09-01T06:05:16Z,,,sigmavirus24
psf,requests,3359,774666566,subscribed,2016-09-01T06:05:16Z,,,sigmavirus24
psf,requests,3359,775163224,mentioned,2016-09-01T13:41:03Z,,,Lukasa
psf,requests,3359,775163225,subscribed,2016-09-01T13:41:03Z,,,Lukasa
psf,requests,3359,785082830,mentioned,2016-09-11T02:23:12Z,,,sigmavirus24
psf,requests,3359,785082831,subscribed,2016-09-11T02:23:12Z,,,sigmavirus24
psf,requests,3359,785082832,mentioned,2016-09-11T02:23:12Z,,,Lukasa
psf,requests,3359,785082833,subscribed,2016-09-11T02:23:12Z,,,Lukasa
psf,requests,3359,800894468,mentioned,2016-09-23T20:03:07Z,,,sentientcucumber
psf,requests,3359,800894469,subscribed,2016-09-23T20:03:07Z,,,sentientcucumber
psf,requests,3359,801307104,closed,2016-09-24T17:01:11Z,,,Lukasa
psf,requests,3359,5272539030,locked,2021-09-08T14:00:38Z,,,github-actions[bot]
psf,requests,3090,625876115,mentioned,2016-04-13T14:37:35Z,,,bodgit
psf,requests,3090,625876116,subscribed,2016-04-13T14:37:35Z,,,bodgit
psf,requests,3090,625876264,labeled,2016-04-13T14:37:40Z,,,Lukasa
psf,requests,3090,625876265,labeled,2016-04-13T14:37:40Z,,,Lukasa
psf,requests,3090,628930894,mentioned,2016-04-15T13:36:43Z,,,Lukasa
psf,requests,3090,628930895,subscribed,2016-04-15T13:36:43Z,,,Lukasa
psf,requests,3090,628930902,closed,2016-04-15T13:36:43Z,,,bodgit
psf,requests,3090,5273924430,locked,2021-09-08T18:00:57Z,,,github-actions[bot]
psf,requests,3068,605030086,labeled,2016-03-28T09:45:26Z,,,Lukasa
psf,requests,3068,605329356,mentioned,2016-03-28T15:20:07Z,,,medecau
psf,requests,3068,605329357,subscribed,2016-03-28T15:20:07Z,,,medecau
psf,requests,3068,605346244,mentioned,2016-03-28T15:32:16Z,,,Lukasa
psf,requests,3068,605346245,subscribed,2016-03-28T15:32:16Z,,,Lukasa
psf,requests,3068,605350352,closed,2016-03-28T15:35:07Z,,,Lukasa
psf,requests,3068,5274202963,locked,2021-09-08T19:00:26Z,,,github-actions[bot]
psf,requests,3066,629752170,labeled,2016-04-16T04:02:48Z,,,sigmavirus24
psf,requests,3066,652879261,mentioned,2016-05-06T16:47:54Z,,,Lukasa
psf,requests,3066,652879262,subscribed,2016-05-06T16:47:54Z,,,Lukasa
psf,requests,3066,652890318,mentioned,2016-05-06T16:58:03Z,,,davidsoncasey
psf,requests,3066,652890320,subscribed,2016-05-06T16:58:03Z,,,davidsoncasey
psf,requests,3066,652938303,mentioned,2016-05-06T17:40:53Z,,,Lukasa
psf,requests,3066,652938304,subscribed,2016-05-06T17:40:53Z,,,Lukasa
psf,requests,3066,653187482,referenced,2016-05-06T21:43:53Z,b34b67fffd8f143fba369059cc9c76d3d30c42a2,https://api.github.com/repos/davidsoncasey/requests/commits/b34b67fffd8f143fba369059cc9c76d3d30c42a2,davidsoncasey
psf,requests,3066,653187483,referenced,2016-05-06T21:43:53Z,c816facbe890dd2f606110b410e896b39cabfcd4,https://api.github.com/repos/davidsoncasey/requests/commits/c816facbe890dd2f606110b410e896b39cabfcd4,davidsoncasey
psf,requests,3066,653197177,mentioned,2016-05-06T21:54:19Z,,,Lukasa
psf,requests,3066,653197178,subscribed,2016-05-06T21:54:19Z,,,Lukasa
psf,requests,3066,656605627,referenced,2016-05-11T02:39:00Z,0461d0c84afeefea9479d1f6ca671bf60de1ac88,https://api.github.com/repos/davidsoncasey/requests/commits/0461d0c84afeefea9479d1f6ca671bf60de1ac88,davidsoncasey
psf,requests,3066,684570673,referenced,2016-06-07T15:50:53Z,1a0100712fb5845ac3ccc22c8c7293a463bac297,https://api.github.com/repos/davidsoncasey/requests/commits/1a0100712fb5845ac3ccc22c8c7293a463bac297,davidsoncasey
psf,requests,3066,684570675,referenced,2016-06-07T15:50:53Z,e665ca2dc3c7ce81968d217487718dc6993c0318,https://api.github.com/repos/davidsoncasey/requests/commits/e665ca2dc3c7ce81968d217487718dc6993c0318,davidsoncasey
psf,requests,3066,686775608,referenced,2016-06-09T04:39:14Z,e5f09937c83dc228199f430b03e6414d77831910,https://api.github.com/repos/davidsoncasey/requests/commits/e5f09937c83dc228199f430b03e6414d77831910,davidsoncasey
psf,requests,3066,847059650,mentioned,2016-11-03T20:52:54Z,,,Lukasa
psf,requests,3066,847059651,subscribed,2016-11-03T20:52:54Z,,,Lukasa
psf,requests,3066,847059654,mentioned,2016-11-03T20:52:54Z,,,julian-r
psf,requests,3066,847059656,subscribed,2016-11-03T20:52:54Z,,,julian-r
psf,requests,3066,847059657,mentioned,2016-11-03T20:52:54Z,,,davidsoncasey
psf,requests,3066,847059658,subscribed,2016-11-03T20:52:54Z,,,davidsoncasey
psf,requests,3066,847103624,referenced,2016-11-03T21:25:08Z,731dead252678e3d6f4c0707fb3c45b187ba93cc,https://api.github.com/repos/nateprewitt/requests/commits/731dead252678e3d6f4c0707fb3c45b187ba93cc,nateprewitt
psf,requests,3066,847103625,referenced,2016-11-03T21:25:08Z,c25f1e9698251f750ef88531e7318c478b4ce468,https://api.github.com/repos/nateprewitt/requests/commits/c25f1e9698251f750ef88531e7318c478b4ce468,nateprewitt
psf,requests,3066,847132117,referenced,2016-11-03T21:44:50Z,996a6169b66e95f155cbf131cc5c61b39b90f7f6,https://api.github.com/repos/nateprewitt/requests/commits/996a6169b66e95f155cbf131cc5c61b39b90f7f6,nateprewitt
psf,requests,3066,886789259,closed,2016-12-08T12:33:13Z,,,Lukasa
psf,requests,3066,5272189660,locked,2021-09-08T13:05:42Z,,,github-actions[bot]
psf,requests,3028,576187839,labeled,2016-03-03T12:48:02Z,,,Lukasa
psf,requests,3028,576187840,labeled,2016-03-03T12:48:02Z,,,Lukasa
psf,requests,3028,578279297,mentioned,2016-03-04T19:51:12Z,,,davidsoncasey
psf,requests,3028,578279298,subscribed,2016-03-04T19:51:12Z,,,davidsoncasey
psf,requests,3028,578546368,referenced,2016-03-04T23:56:26Z,1185d6520248b8d553e2067d38de8f18762011f0,https://api.github.com/repos/davidsoncasey/requests/commits/1185d6520248b8d553e2067d38de8f18762011f0,davidsoncasey
psf,requests,3028,578546369,referenced,2016-03-04T23:56:26Z,d8b36c17185b61471eafa4f1b574a6995e8f38a8,https://api.github.com/repos/davidsoncasey/requests/commits/d8b36c17185b61471eafa4f1b574a6995e8f38a8,davidsoncasey
psf,requests,3028,578549644,referenced,2016-03-04T23:59:17Z,b9517a58bc0d0fe7884bf7f9f0ac79531d645261,https://api.github.com/repos/davidsoncasey/requests/commits/b9517a58bc0d0fe7884bf7f9f0ac79531d645261,davidsoncasey
psf,requests,3028,579098599,referenced,2016-03-06T04:39:28Z,f74a6707afe6f14a9edfb63a0d464e4aa93aca8f,https://api.github.com/repos/davidsoncasey/requests/commits/f74a6707afe6f14a9edfb63a0d464e4aa93aca8f,davidsoncasey
psf,requests,3028,579346768,referenced,2016-03-06T18:08:05Z,4f378b0e1a2f5f60e2e57daaec80081483f7150e,https://api.github.com/repos/psf/requests/commits/4f378b0e1a2f5f60e2e57daaec80081483f7150e,Lukasa
psf,requests,3028,629753152,closed,2016-04-16T04:05:38Z,,,sigmavirus24
psf,requests,3028,5273924290,locked,2021-09-08T18:00:55Z,,,github-actions[bot]
psf,requests,3009,549222135,labeled,2016-02-13T00:02:01Z,,,kennethreitz
psf,requests,3009,579394652,mentioned,2016-03-06T19:57:56Z,,,denis-ryzhkov
psf,requests,3009,579394653,subscribed,2016-03-06T19:57:56Z,,,denis-ryzhkov
psf,requests,3009,579394654,mentioned,2016-03-06T19:57:56Z,,,Lukasa
psf,requests,3009,579394655,subscribed,2016-03-06T19:57:56Z,,,Lukasa
psf,requests,3009,579397005,mentioned,2016-03-06T20:04:57Z,,,rwe
psf,requests,3009,579397006,subscribed,2016-03-06T20:04:57Z,,,rwe
psf,requests,3009,579410767,mentioned,2016-03-06T20:23:25Z,,,Lukasa
psf,requests,3009,579410768,subscribed,2016-03-06T20:23:25Z,,,Lukasa
psf,requests,3009,579445699,referenced,2016-03-06T21:47:49Z,6797124ad2facc6515a62dcf6c31e5ebd071fe43,https://api.github.com/repos/rwe/requests/commits/6797124ad2facc6515a62dcf6c31e5ebd071fe43,rwe
psf,requests,3009,579640106,mentioned,2016-03-07T04:25:48Z,,,Lukasa
psf,requests,3009,579640107,subscribed,2016-03-07T04:25:48Z,,,Lukasa
psf,requests,3009,746051455,closed,2016-08-05T00:10:35Z,,,sigmavirus24
psf,requests,3009,746051502,mentioned,2016-08-05T00:10:41Z,,,olivierlefloch
psf,requests,3009,746051504,subscribed,2016-08-05T00:10:41Z,,,olivierlefloch
psf,requests,3009,5273319508,locked,2021-09-08T16:00:39Z,,,github-actions[bot]
psf,requests,2998,541546773,labeled,2016-02-06T03:38:11Z,,,kennethreitz
psf,requests,2998,545452480,closed,2016-02-10T08:46:49Z,,,Lukasa
psf,requests,2998,545786916,mentioned,2016-02-10T13:52:30Z,,,sigmavirus24
psf,requests,2998,545786917,subscribed,2016-02-10T13:52:30Z,,,sigmavirus24
psf,requests,2998,5274203647,locked,2021-09-08T19:00:34Z,,,github-actions[bot]
psf,requests,2997,541131801,mentioned,2016-02-05T19:52:19Z,,,sigmavirus24
psf,requests,2997,541131802,subscribed,2016-02-05T19:52:19Z,,,sigmavirus24
psf,requests,2997,541164553,labeled,2016-02-05T20:20:46Z,,,kennethreitz
psf,requests,2997,541386641,referenced,2016-02-05T22:51:18Z,fc512d89245c4ee1f4b6d6f0445bc962a0621288,https://api.github.com/repos/psf/requests/commits/fc512d89245c4ee1f4b6d6f0445bc962a0621288,kennethreitz
psf,requests,2997,541387132,mentioned,2016-02-05T22:51:49Z,,,yarikoptic
psf,requests,2997,541387133,subscribed,2016-02-05T22:51:49Z,,,yarikoptic
psf,requests,2997,541390545,closed,2016-02-05T22:53:55Z,,,kennethreitz
psf,requests,2997,5274203777,locked,2021-09-08T19:00:36Z,,,github-actions[bot]
psf,requests,2949,532217063,labeled,2016-01-30T04:19:40Z,,,kennethreitz
psf,requests,2949,691428543,mentioned,2016-06-14T07:21:32Z,,,jtherrmann
psf,requests,2949,691428544,subscribed,2016-06-14T07:21:32Z,,,jtherrmann
psf,requests,2949,731795138,mentioned,2016-07-22T14:08:02Z,,,ethanroy
psf,requests,2949,731795139,subscribed,2016-07-22T14:08:02Z,,,ethanroy
psf,requests,2949,782281396,mentioned,2016-09-08T12:02:13Z,,,GregBakker
psf,requests,2949,782281397,subscribed,2016-09-08T12:02:13Z,,,GregBakker
psf,requests,2949,789894624,mentioned,2016-09-14T21:51:51Z,,,Lukasa
psf,requests,2949,789894625,subscribed,2016-09-14T21:51:51Z,,,Lukasa
psf,requests,2949,836296156,mentioned,2016-10-25T23:22:30Z,,,jwineinger
psf,requests,2949,836296157,subscribed,2016-10-25T23:22:30Z,,,jwineinger
psf,requests,2949,1406200329,mentioned,2018-01-02T13:04:00Z,,,sigmavirus24
psf,requests,2949,1406200330,subscribed,2018-01-02T13:04:00Z,,,sigmavirus24
psf,requests,2949,1406200331,mentioned,2018-01-02T13:04:00Z,,,gabriel-loo
psf,requests,2949,1406200332,subscribed,2018-01-02T13:04:00Z,,,gabriel-loo
psf,requests,2949,1406555167,mentioned,2018-01-02T16:59:29Z,,,j08lue
psf,requests,2949,1406555168,subscribed,2018-01-02T16:59:29Z,,,j08lue
psf,requests,2949,1406824782,mentioned,2018-01-02T19:54:50Z,,,sigmavirus24
psf,requests,2949,1406824783,subscribed,2018-01-02T19:54:50Z,,,sigmavirus24
psf,requests,2949,1406824784,mentioned,2018-01-02T19:54:50Z,,,Lukasa
psf,requests,2949,1406824785,subscribed,2018-01-02T19:54:50Z,,,Lukasa
psf,requests,2949,1412776918,mentioned,2018-01-07T15:53:47Z,,,gabriel-loo
psf,requests,2949,1412776919,subscribed,2018-01-07T15:53:47Z,,,gabriel-loo
psf,requests,2949,1412780624,mentioned,2018-01-07T16:06:52Z,,,tlantz
psf,requests,2949,1412780625,subscribed,2018-01-07T16:06:52Z,,,tlantz
psf,requests,2949,1700147967,referenced,2018-06-25T23:31:00Z,ffce5dbb58b333769b8aa4c19f56552d3e42ecd9,https://api.github.com/repos/BugSwarm/common/commits/ffce5dbb58b333769b8aa4c19f56552d3e42ecd9,ndmeiri
psf,requests,2949,1700399512,mentioned,2018-06-26T03:48:58Z,,,ndmeiri
psf,requests,2949,1700399513,subscribed,2018-06-26T03:48:58Z,,,ndmeiri
psf,requests,2949,1702058382,mentioned,2018-06-26T17:34:21Z,,,nateprewitt
psf,requests,2949,1702058387,subscribed,2018-06-26T17:34:21Z,,,nateprewitt
psf,requests,2949,1704700695,mentioned,2018-06-27T19:06:33Z,,,ndmeiri
psf,requests,2949,1704700697,subscribed,2018-06-27T19:06:33Z,,,ndmeiri
psf,requests,2949,3122492117,mentioned,2020-03-12T11:45:14Z,,,j08lue
psf,requests,2949,3122492120,subscribed,2020-03-12T11:45:14Z,,,j08lue
psf,requests,2949,5275107208,closed,2021-09-08T22:43:04Z,,,sigmavirus24
psf,requests,2949,5730413591,locked,2021-12-07T23:00:27Z,,,github-actions[bot]
psf,requests,2935,495613374,mentioned,2015-12-18T08:59:59Z,,,Kronuz
psf,requests,2935,495613375,subscribed,2015-12-18T08:59:59Z,,,Kronuz
psf,requests,2935,495868745,mentioned,2015-12-18T14:25:38Z,,,Kronuz
psf,requests,2935,495868746,subscribed,2015-12-18T14:25:38Z,,,Kronuz
psf,requests,2935,495911587,mentioned,2015-12-18T15:10:58Z,,,Kronuz
psf,requests,2935,495911589,subscribed,2015-12-18T15:10:58Z,,,Kronuz
psf,requests,2935,497484738,labeled,2015-12-21T14:42:44Z,,,sigmavirus24
psf,requests,2935,497484740,labeled,2015-12-21T14:42:44Z,,,sigmavirus24
psf,requests,2935,500035893,mentioned,2015-12-24T08:41:48Z,,,fqroot
psf,requests,2935,500035894,subscribed,2015-12-24T08:41:48Z,,,fqroot
psf,requests,2935,500040694,mentioned,2015-12-24T08:52:26Z,,,fqroot
psf,requests,2935,500040695,subscribed,2015-12-24T08:52:26Z,,,fqroot
psf,requests,2935,500145413,mentioned,2015-12-24T12:29:42Z,,,fqroot
psf,requests,2935,500145414,subscribed,2015-12-24T12:29:42Z,,,fqroot
psf,requests,2935,500171978,mentioned,2015-12-24T13:36:37Z,,,Kronuz
psf,requests,2935,500171979,subscribed,2015-12-24T13:36:37Z,,,Kronuz
psf,requests,2935,500362074,mentioned,2015-12-25T02:21:44Z,,,Kronuz
psf,requests,2935,500362075,subscribed,2015-12-25T02:21:44Z,,,Kronuz
psf,requests,2935,500477129,mentioned,2015-12-25T09:46:42Z,,,fqroot
psf,requests,2935,500477130,subscribed,2015-12-25T09:46:42Z,,,fqroot
psf,requests,2935,500549725,mentioned,2015-12-25T15:03:56Z,,,Kronuz
psf,requests,2935,500549726,subscribed,2015-12-25T15:03:56Z,,,Kronuz
psf,requests,2935,500562427,mentioned,2015-12-25T16:19:25Z,,,fqroot
psf,requests,2935,500562428,subscribed,2015-12-25T16:19:25Z,,,fqroot
psf,requests,2935,500608698,mentioned,2015-12-25T22:42:07Z,,,Kronuz
psf,requests,2935,500608699,subscribed,2015-12-25T22:42:07Z,,,Kronuz
psf,requests,2935,500614552,mentioned,2015-12-26T00:02:37Z,,,fqroot
psf,requests,2935,500614553,subscribed,2015-12-26T00:02:37Z,,,fqroot
psf,requests,2935,500690512,mentioned,2015-12-26T10:07:15Z,,,Kronuz
psf,requests,2935,500690513,subscribed,2015-12-26T10:07:15Z,,,Kronuz
psf,requests,2935,500942581,mentioned,2015-12-27T16:18:50Z,,,Kronuz
psf,requests,2935,500942582,subscribed,2015-12-27T16:18:50Z,,,Kronuz
psf,requests,2935,500942583,mentioned,2015-12-27T16:18:50Z,,,fqroot
psf,requests,2935,500942584,subscribed,2015-12-27T16:18:50Z,,,fqroot
psf,requests,2935,567432992,mentioned,2016-02-26T12:34:06Z,,,Kronuz
psf,requests,2935,567432993,subscribed,2016-02-26T12:34:06Z,,,Kronuz
psf,requests,2935,567452688,mentioned,2016-02-26T12:51:31Z,,,Lukasa
psf,requests,2935,567452689,subscribed,2016-02-26T12:51:31Z,,,Lukasa
psf,requests,2935,567453857,mentioned,2016-02-26T12:52:43Z,,,Kronuz
psf,requests,2935,567453858,subscribed,2016-02-26T12:52:43Z,,,Kronuz
psf,requests,2935,567504028,mentioned,2016-02-26T13:33:03Z,,,Lukasa
psf,requests,2935,567504029,subscribed,2016-02-26T13:33:03Z,,,Lukasa
psf,requests,2935,567516885,mentioned,2016-02-26T13:41:10Z,,,Kronuz
psf,requests,2935,567516886,subscribed,2016-02-26T13:41:10Z,,,Kronuz
psf,requests,2935,567545735,mentioned,2016-02-26T14:01:38Z,,,Kronuz
psf,requests,2935,567545736,subscribed,2016-02-26T14:01:38Z,,,Kronuz
psf,requests,2935,567578537,mentioned,2016-02-26T14:22:33Z,,,sigmavirus24
psf,requests,2935,567578538,subscribed,2016-02-26T14:22:33Z,,,sigmavirus24
psf,requests,2935,582923127,mentioned,2016-03-09T08:17:03Z,,,Kronuz
psf,requests,2935,582923128,subscribed,2016-03-09T08:17:03Z,,,Kronuz
psf,requests,2935,582923131,closed,2016-03-09T08:17:03Z,,,Lukasa
psf,requests,2935,583953824,mentioned,2016-03-09T21:28:17Z,,,Kronuz
psf,requests,2935,583953825,subscribed,2016-03-09T21:28:17Z,,,Kronuz
psf,requests,2935,583953826,mentioned,2016-03-09T21:28:17Z,,,Yhg1s
psf,requests,2935,583953827,subscribed,2016-03-09T21:28:17Z,,,Yhg1s
psf,requests,2935,5274203288,locked,2021-09-08T19:00:30Z,,,github-actions[bot]
psf,requests,2925,489753218,mentioned,2015-12-11T20:29:26Z,,,guojh
psf,requests,2925,489753219,subscribed,2015-12-11T20:29:26Z,,,guojh
psf,requests,2925,489770711,mentioned,2015-12-11T20:49:31Z,,,sigmavirus24
psf,requests,2925,489770712,subscribed,2015-12-11T20:49:31Z,,,sigmavirus24
psf,requests,2925,489800439,mentioned,2015-12-11T21:25:15Z,,,Lukasa
psf,requests,2925,489800440,subscribed,2015-12-11T21:25:15Z,,,Lukasa
psf,requests,2925,489904787,mentioned,2015-12-11T23:34:08Z,,,Lukasa
psf,requests,2925,489904788,subscribed,2015-12-11T23:34:08Z,,,Lukasa
psf,requests,2925,489904789,mentioned,2015-12-11T23:34:08Z,,,guojh
psf,requests,2925,489904790,subscribed,2015-12-11T23:34:08Z,,,guojh
psf,requests,2925,629753788,labeled,2016-04-16T04:09:21Z,,,sigmavirus24
psf,requests,2925,629753789,labeled,2016-04-16T04:09:21Z,,,sigmavirus24
psf,requests,2925,1030457756,mentioned,2017-04-05T14:16:17Z,,,julianfnunez
psf,requests,2925,1030457759,subscribed,2017-04-05T14:16:17Z,,,julianfnunez
psf,requests,2925,12858999488,milestoned,2024-05-19T18:37:18Z,,,sethmlarson
psf,requests,2925,12867184073,closed,2024-05-20T14:35:55Z,,,sethmlarson
psf,requests,2925,17743308232,locked,2025-05-21T00:05:16Z,,,github-actions[bot]
psf,requests,2844,443719100,milestoned,2015-10-23T11:46:06Z,,,Lukasa
psf,requests,2844,443719144,labeled,2015-10-23T11:46:11Z,,,Lukasa
psf,requests,2844,443719145,labeled,2015-10-23T11:46:11Z,,,Lukasa
psf,requests,2844,443744452,referenced,2015-10-23T12:22:49Z,edc68a0ac899785cd89a726e3da258e880d641dd,https://api.github.com/repos/akhomchenko/requests/commits/edc68a0ac899785cd89a726e3da258e880d641dd,akhomchenko
psf,requests,2844,443745706,closed,2015-10-23T12:24:36Z,,,Lukasa
psf,requests,2844,443745715,referenced,2015-10-23T12:24:37Z,1dff6c9153448213cd5ed957409de5c809447eba,https://api.github.com/repos/psf/requests/commits/1dff6c9153448213cd5ed957409de5c809447eba,Lukasa
psf,requests,2844,493540331,mentioned,2015-12-16T14:48:23Z,,,untitaker
psf,requests,2844,493540332,subscribed,2015-12-16T14:48:23Z,,,untitaker
psf,requests,2844,493550254,referenced,2015-12-16T14:56:43Z,fc8fa1aa265bb14d59c68eb68a179bce17953967,https://api.github.com/repos/Lukasa/requests/commits/fc8fa1aa265bb14d59c68eb68a179bce17953967,Lukasa
psf,requests,2844,493577773,referenced,2015-12-16T15:20:29Z,b32c3bc10f0fb4075b6a282b283418f5290e812a,https://api.github.com/repos/psf/requests/commits/b32c3bc10f0fb4075b6a282b283418f5290e812a,sigmavirus24
psf,requests,2844,494510110,mentioned,2015-12-17T10:05:37Z,,,touilleMan
psf,requests,2844,494510111,subscribed,2015-12-17T10:05:37Z,,,touilleMan
psf,requests,2844,5274470458,locked,2021-09-08T20:00:55Z,,,github-actions[bot]
psf,requests,2756,401683721,labeled,2015-09-04T23:49:54Z,,,Lukasa
psf,requests,2756,401683722,labeled,2015-09-04T23:49:54Z,,,Lukasa
psf,requests,2756,402950400,referenced,2015-09-07T17:07:45Z,0b62a513a67fcd34aed513ac1ab683cf81717b3f,https://api.github.com/repos/ravipra/requests/commits/0b62a513a67fcd34aed513ac1ab683cf81717b3f,ravipra
psf,requests,2756,403399425,referenced,2015-09-08T09:18:51Z,37037607b5f3da32ff1897caca3c38e210f04c37,https://api.github.com/repos/ravipra/requests/commits/37037607b5f3da32ff1897caca3c38e210f04c37,ravipra
psf,requests,2756,424967230,referenced,2015-10-02T06:26:42Z,01c0fb76cb16eea535c463bd07cea20b60a97cc8,https://api.github.com/repos/sumitbinnani/requests/commits/01c0fb76cb16eea535c463bd07cea20b60a97cc8,sumitbinnani
psf,requests,2756,425063782,referenced,2015-10-02T09:08:25Z,610fbd062fda3bc53cc2b3a0c8cfa014cb86ca05,https://api.github.com/repos/psf/requests/commits/610fbd062fda3bc53cc2b3a0c8cfa014cb86ca05,Lukasa
psf,requests,2756,426840882,referenced,2015-10-05T14:27:54Z,f6afa71281c7df41aa940a7dd6b5100711200162,https://api.github.com/repos/psf/requests/commits/f6afa71281c7df41aa940a7dd6b5100711200162,Lukasa
psf,requests,2756,428041343,closed,2015-10-06T14:52:47Z,,,Lukasa
psf,requests,2756,5274979615,locked,2021-09-08T22:00:44Z,,,github-actions[bot]
psf,requests,2708,455563041,labeled,2015-11-05T10:35:07Z,,,Lukasa
psf,requests,2708,455563117,milestoned,2015-11-05T10:35:11Z,,,Lukasa
psf,requests,2708,492117765,milestoned,2015-12-15T11:36:05Z,,,Lukasa
psf,requests,2708,492117766,demilestoned,2015-12-15T11:36:05Z,,,Lukasa
psf,requests,2708,12859007996,demilestoned,2024-05-19T18:42:59Z,,,sethmlarson
psf,requests,2708,12859007998,milestoned,2024-05-19T18:43:00Z,,,sethmlarson
psf,requests,2708,12867188502,closed,2024-05-20T14:36:16Z,,,sethmlarson
psf,requests,2708,17743307798,locked,2025-05-21T00:05:12Z,,,github-actions[bot]
psf,requests,2707,778711978,labeled,2016-09-06T00:14:22Z,,,sigmavirus24
psf,requests,2707,799957989,mentioned,2016-09-23T06:43:09Z,,,shawnmjones
psf,requests,2707,799957990,subscribed,2016-09-23T06:43:09Z,,,shawnmjones
psf,requests,2707,799957994,closed,2016-09-23T06:43:09Z,,,jayvdb
psf,requests,2707,5272942118,locked,2021-09-08T15:00:45Z,,,github-actions[bot]
psf,requests,2620,318876481,milestoned,2015-06-01T14:17:09Z,,,Lukasa
psf,requests,2620,318894100,labeled,2015-06-01T14:27:01Z,,,sigmavirus24
psf,requests,2620,318894103,labeled,2015-06-01T14:27:01Z,,,sigmavirus24
psf,requests,2620,320351727,mentioned,2015-06-02T18:56:54Z,,,jongiddy
psf,requests,2620,320351728,subscribed,2015-06-02T18:56:54Z,,,jongiddy
psf,requests,2620,320491305,closed,2015-06-02T20:53:50Z,,,jongiddy
psf,requests,2620,5275162524,locked,2021-09-08T23:04:42Z,,,github-actions[bot]
psf,requests,2599,303978485,labeled,2015-05-13T15:10:24Z,,,sigmavirus24
psf,requests,2599,303978486,labeled,2015-05-13T15:10:24Z,,,sigmavirus24
psf,requests,2599,303978487,labeled,2015-05-13T15:10:24Z,,,sigmavirus24
psf,requests,2599,304592528,closed,2015-05-14T06:15:18Z,,,Lukasa
psf,requests,2599,5275162877,locked,2021-09-08T23:04:48Z,,,github-actions[bot]
psf,requests,2540,275818733,renamed,2015-04-08T00:58:27Z,,,ma2rten
psf,requests,2540,275819677,labeled,2015-04-08T01:00:22Z,,,Lukasa
psf,requests,2540,275819678,labeled,2015-04-08T01:00:22Z,,,Lukasa
psf,requests,2540,278633610,referenced,2015-04-11T02:59:15Z,5478dd62719a1ce60899a856fad2bee288d7271a,https://api.github.com/repos/psf/requests/commits/5478dd62719a1ce60899a856fad2bee288d7271a,sigmavirus24
psf,requests,2540,278894926,closed,2015-04-11T19:11:01Z,,,Lukasa
psf,requests,2540,5275165452,locked,2021-09-08T23:05:43Z,,,github-actions[bot]
psf,requests,2530,273755515,labeled,2015-04-05T22:32:23Z,,,Lukasa
psf,requests,2530,273815729,referenced,2015-04-06T02:49:13Z,dacf69a16df787c4a4c4b4185b86e597b2414445,https://api.github.com/repos/sigmavirus24/requests/commits/dacf69a16df787c4a4c4b4185b86e597b2414445,sigmavirus24
psf,requests,2530,274580613,closed,2015-04-06T21:54:22Z,,,Lukasa
psf,requests,2530,5275165690,locked,2021-09-08T23:05:47Z,,,github-actions[bot]
psf,requests,2503,256946253,labeled,2015-03-17T14:38:07Z,,,Lukasa
psf,requests,2503,295741212,closed,2015-05-03T15:06:00Z,,,Lukasa
psf,requests,2503,5275163112,locked,2021-09-08T23:04:52Z,,,github-actions[bot]
psf,requests,2455,240610633,mentioned,2015-02-24T01:11:01Z,,,mpharrigan
psf,requests,2455,240610634,subscribed,2015-02-24T01:11:01Z,,,mpharrigan
psf,requests,2455,240614104,mentioned,2015-02-24T01:18:54Z,,,t-8ch
psf,requests,2455,240614105,subscribed,2015-02-24T01:18:54Z,,,t-8ch
psf,requests,2455,240718668,mentioned,2015-02-24T07:07:11Z,,,sigmavirus24
psf,requests,2455,240718669,subscribed,2015-02-24T07:07:11Z,,,sigmavirus24
psf,requests,2455,240720859,mentioned,2015-02-24T07:15:02Z,,,rmcgibbo
psf,requests,2455,240720860,subscribed,2015-02-24T07:15:02Z,,,rmcgibbo
psf,requests,2455,240722679,mentioned,2015-02-24T07:21:11Z,,,Lukasa
psf,requests,2455,240722680,subscribed,2015-02-24T07:21:11Z,,,Lukasa
psf,requests,2455,240725459,mentioned,2015-02-24T07:29:37Z,,,Lukasa
psf,requests,2455,240725460,subscribed,2015-02-24T07:29:37Z,,,Lukasa
psf,requests,2455,240729396,mentioned,2015-02-24T07:42:18Z,,,t-8ch
psf,requests,2455,240729397,subscribed,2015-02-24T07:42:18Z,,,t-8ch
psf,requests,2455,240789691,mentioned,2015-02-24T09:55:55Z,,,t-8ch
psf,requests,2455,240789692,subscribed,2015-02-24T09:55:55Z,,,t-8ch
psf,requests,2455,240979172,referenced,2015-02-24T15:21:11Z,b937f88dc14c45d0facef7754ca9cf87d34b2744,https://api.github.com/repos/citrix-openstack/os-ext-testing/commits/b937f88dc14c45d0facef7754ca9cf87d34b2744,BobBall
psf,requests,2455,240993365,mentioned,2015-02-24T15:39:05Z,,,dstufft
psf,requests,2455,240993366,subscribed,2015-02-24T15:39:05Z,,,dstufft
psf,requests,2455,241079420,mentioned,2015-02-24T17:26:51Z,,,asmeurer
psf,requests,2455,241079421,subscribed,2015-02-24T17:26:51Z,,,asmeurer
psf,requests,2455,243943474,mentioned,2015-03-01T12:31:07Z,,,Lukasa
psf,requests,2455,243943475,subscribed,2015-03-01T12:31:07Z,,,Lukasa
psf,requests,2455,243961005,mentioned,2015-03-01T15:07:22Z,,,t-8ch
psf,requests,2455,243961006,subscribed,2015-03-01T15:07:22Z,,,t-8ch
psf,requests,2455,243984679,mentioned,2015-03-01T16:53:45Z,,,reaperhulk
psf,requests,2455,243984680,subscribed,2015-03-01T16:53:45Z,,,reaperhulk
psf,requests,2455,243985270,mentioned,2015-03-01T16:56:51Z,,,dstufft
psf,requests,2455,243985271,subscribed,2015-03-01T16:56:51Z,,,dstufft
psf,requests,2455,243989228,mentioned,2015-03-01T17:09:11Z,,,Lukasa
psf,requests,2455,243989229,subscribed,2015-03-01T17:09:11Z,,,Lukasa
psf,requests,2455,243997611,mentioned,2015-03-01T17:33:46Z,,,bagder
psf,requests,2455,243997612,subscribed,2015-03-01T17:33:46Z,,,bagder
psf,requests,2455,244009388,mentioned,2015-03-01T18:31:12Z,,,dstufft
psf,requests,2455,244009389,subscribed,2015-03-01T18:31:12Z,,,dstufft
psf,requests,2455,244013935,mentioned,2015-03-01T19:04:34Z,,,asmeurer
psf,requests,2455,244013936,subscribed,2015-03-01T19:04:34Z,,,asmeurer
psf,requests,2455,244020638,mentioned,2015-03-01T19:48:19Z,,,sigmavirus24
psf,requests,2455,244020639,subscribed,2015-03-01T19:48:19Z,,,sigmavirus24
psf,requests,2455,244026334,mentioned,2015-03-01T20:24:59Z,,,alex
psf,requests,2455,244026335,subscribed,2015-03-01T20:24:59Z,,,alex
psf,requests,2455,244196749,mentioned,2015-03-02T08:42:48Z,,,bagder
psf,requests,2455,244196750,subscribed,2015-03-02T08:42:48Z,,,bagder
psf,requests,2455,244196751,mentioned,2015-03-02T08:42:48Z,,,alex
psf,requests,2455,244196752,subscribed,2015-03-02T08:42:48Z,,,alex
psf,requests,2455,273819777,labeled,2015-04-06T02:59:22Z,,,sigmavirus24
psf,requests,2455,273819778,labeled,2015-04-06T02:59:22Z,,,sigmavirus24
psf,requests,2455,274152178,mentioned,2015-04-06T14:02:00Z,,,Lukasa
psf,requests,2455,274152179,subscribed,2015-04-06T14:02:01Z,,,Lukasa
psf,requests,2455,274507073,mentioned,2015-04-06T20:20:41Z,,,sigmavirus24
psf,requests,2455,274507074,subscribed,2015-04-06T20:20:41Z,,,sigmavirus24
psf,requests,2455,274507075,mentioned,2015-04-06T20:20:41Z,,,asmeurer
psf,requests,2455,274507076,subscribed,2015-04-06T20:20:41Z,,,asmeurer
psf,requests,2455,274507517,mentioned,2015-04-06T20:21:22Z,,,asmeurer
psf,requests,2455,274507518,subscribed,2015-04-06T20:21:22Z,,,asmeurer
psf,requests,2455,275411496,mentioned,2015-04-07T16:16:57Z,,,Glandos
psf,requests,2455,275411498,subscribed,2015-04-07T16:16:57Z,,,Glandos
psf,requests,2455,288425772,mentioned,2015-04-23T15:22:46Z,,,kennethreitz
psf,requests,2455,288425773,subscribed,2015-04-23T15:22:46Z,,,kennethreitz
psf,requests,2455,288568586,mentioned,2015-04-23T18:01:11Z,,,reaperhulk
psf,requests,2455,288568587,subscribed,2015-04-23T18:01:11Z,,,reaperhulk
psf,requests,2455,288568588,mentioned,2015-04-23T18:01:11Z,,,dstufft
psf,requests,2455,288568589,subscribed,2015-04-23T18:01:11Z,,,dstufft
psf,requests,2455,288568590,mentioned,2015-04-23T18:01:11Z,,,alex
psf,requests,2455,288568591,subscribed,2015-04-23T18:01:11Z,,,alex
psf,requests,2455,288568592,mentioned,2015-04-23T18:01:11Z,,,sigmavirus24
psf,requests,2455,288568593,subscribed,2015-04-23T18:01:11Z,,,sigmavirus24
psf,requests,2455,288602413,mentioned,2015-04-23T18:42:28Z,,,t-8ch
psf,requests,2455,288602414,subscribed,2015-04-23T18:42:28Z,,,t-8ch
psf,requests,2455,318130965,closed,2015-05-31T12:57:28Z,,,Lukasa
psf,requests,2455,346657753,referenced,2015-07-02T17:07:21Z,d9c2f5387e984bc9f179862eba6c3f8ad94056dc,https://api.github.com/repos/citrix-openstack/os-ext-testing/commits/d9c2f5387e984bc9f179862eba6c3f8ad94056dc,BobBall
psf,requests,2455,5274470201,locked,2021-09-08T20:00:52Z,,,github-actions[bot]
psf,requests,2345,193907350,labeled,2014-11-16T15:52:15Z,,,sigmavirus24
psf,requests,2345,193907383,mentioned,2014-11-16T15:52:34Z,,,kennethreitz
psf,requests,2345,193907384,subscribed,2014-11-16T15:52:34Z,,,kennethreitz
psf,requests,2345,194650113,referenced,2014-11-18T04:16:45Z,c8baf881257ff3194879ad79bef81c27007b4dcf,https://api.github.com/repos/sigmavirus24/requests/commits/c8baf881257ff3194879ad79bef81c27007b4dcf,sigmavirus24
psf,requests,2345,196956234,mentioned,2014-11-21T18:55:26Z,,,mattrobenolt
psf,requests,2345,196956235,subscribed,2014-11-21T18:55:26Z,,,mattrobenolt
psf,requests,2345,200289720,closed,2014-11-30T19:12:43Z,,,kennethreitz
psf,requests,2345,5275168925,locked,2021-09-08T23:06:55Z,,,github-actions[bot]
psf,requests,2336,192758956,mentioned,2014-11-13T15:53:37Z,,,kevinburke
psf,requests,2336,192758957,subscribed,2014-11-13T15:53:37Z,,,kevinburke
psf,requests,2336,192912091,mentioned,2014-11-13T19:47:13Z,,,shazow
psf,requests,2336,192912092,subscribed,2014-11-13T19:47:13Z,,,shazow
psf,requests,2336,193758261,labeled,2014-11-15T15:17:01Z,,,sigmavirus24
psf,requests,2336,201983618,mentioned,2014-12-03T15:03:39Z,,,shazow
psf,requests,2336,201983619,subscribed,2014-12-03T15:03:39Z,,,shazow
psf,requests,2336,201983620,mentioned,2014-12-03T15:03:39Z,,,sigmavirus24
psf,requests,2336,201983621,subscribed,2014-12-03T15:03:39Z,,,sigmavirus24
psf,requests,2336,202329213,referenced,2014-12-04T00:33:23Z,c98e580eeb805d89666e11e08bff6873366694f7,https://api.github.com/repos/kevinburke/requests/commits/c98e580eeb805d89666e11e08bff6873366694f7,kevinburke
psf,requests,2336,214750306,closed,2015-01-06T16:06:47Z,,,Lukasa
psf,requests,2336,214852400,reopened,2015-01-06T18:52:35Z,,,Lukasa
psf,requests,2336,214927230,mentioned,2015-01-06T21:00:33Z,,,glaslos
psf,requests,2336,214927231,subscribed,2015-01-06T21:00:33Z,,,glaslos
psf,requests,2336,215034774,mentioned,2015-01-07T00:40:43Z,,,glaslos
psf,requests,2336,215034775,subscribed,2015-01-07T00:40:43Z,,,glaslos
psf,requests,2336,215236241,mentioned,2015-01-07T11:41:32Z,,,kevinburke
psf,requests,2336,215236242,subscribed,2015-01-07T11:41:32Z,,,kevinburke
psf,requests,2336,244231147,closed,2015-03-02T09:49:24Z,,,glaslos
psf,requests,2336,732554552,mentioned,2016-07-23T13:13:49Z,,,Petelin
psf,requests,2336,732554553,subscribed,2016-07-23T13:13:49Z,,,Petelin
psf,requests,2336,732557591,mentioned,2016-07-23T13:31:19Z,,,Lukasa
psf,requests,2336,732557592,subscribed,2016-07-23T13:31:19Z,,,Lukasa
psf,requests,2336,732578153,mentioned,2016-07-23T15:21:36Z,,,eriol
psf,requests,2336,732578154,subscribed,2016-07-23T15:21:36Z,,,eriol
psf,requests,2336,732888981,mentioned,2016-07-24T20:35:09Z,,,Lukasa
psf,requests,2336,732888982,subscribed,2016-07-24T20:35:09Z,,,Lukasa
psf,requests,2336,732888983,mentioned,2016-07-24T20:35:09Z,,,Petelin
psf,requests,2336,732888984,subscribed,2016-07-24T20:35:09Z,,,Petelin
psf,requests,2336,5273659541,locked,2021-09-08T17:05:23Z,,,github-actions[bot]
psf,requests,2255,171320422,mentioned,2014-09-29T06:57:07Z,,,shazow
psf,requests,2255,171320423,subscribed,2014-09-29T06:57:07Z,,,shazow
psf,requests,2255,171320424,mentioned,2014-09-29T06:57:07Z,,,t-8ch
psf,requests,2255,171320425,subscribed,2014-09-29T06:57:07Z,,,t-8ch
psf,requests,2255,213193057,labeled,2014-12-31T17:42:29Z,,,sigmavirus24
psf,requests,2255,396482139,closed,2015-08-31T09:45:01Z,,,Lukasa
psf,requests,2255,5274980204,locked,2021-09-08T22:00:52Z,,,github-actions[bot]
psf,requests,2250,170390569,labeled,2014-09-25T20:24:32Z,,,Lukasa
psf,requests,2250,170536013,labeled,2014-09-26T04:14:01Z,,,sigmavirus24
psf,requests,2250,170922713,mentioned,2014-09-26T20:21:09Z,,,hariharshankar
psf,requests,2250,170922714,subscribed,2014-09-26T20:21:09Z,,,hariharshankar
psf,requests,2250,176542672,referenced,2014-10-09T19:22:19Z,ce1ac88543238c865e797eb59bbaa092c4d43ec7,https://api.github.com/repos/mikecool1000/requests/commits/ce1ac88543238c865e797eb59bbaa092c4d43ec7,mikecool1000
psf,requests,2250,177064893,closed,2014-10-10T18:30:18Z,,,sigmavirus24
psf,requests,2250,177064900,referenced,2014-10-10T18:30:19Z,2ac771b35edeb75ff47dfeca9859abb869a0ec60,https://api.github.com/repos/psf/requests/commits/2ac771b35edeb75ff47dfeca9859abb869a0ec60,sigmavirus24
psf,requests,2250,193604498,referenced,2014-11-14T21:31:15Z,a6118d6b98c34aaf2b72108ead5c09c112073a88,https://api.github.com/repos/ContinuousFunction/requests/commits/a6118d6b98c34aaf2b72108ead5c09c112073a88,ContinuousFunction
psf,requests,2250,5275171823,locked,2021-09-08T23:07:55Z,,,github-actions[bot]
psf,requests,2229,174270875,labeled,2014-10-05T17:13:18Z,,,sigmavirus24
psf,requests,2229,274982364,mentioned,2015-04-07T08:27:31Z,,,newsham
psf,requests,2229,274982365,subscribed,2015-04-07T08:27:31Z,,,newsham
psf,requests,2229,275130848,mentioned,2015-04-07T11:33:11Z,,,benjaminran
psf,requests,2229,275130849,subscribed,2015-04-07T11:33:11Z,,,benjaminran
psf,requests,2229,295742414,closed,2015-05-03T15:12:33Z,,,Lukasa
psf,requests,2229,5275163005,locked,2021-09-08T23:04:49Z,,,github-actions[bot]
psf,requests,2228,166111033,mentioned,2014-09-16T15:26:38Z,,,sigmavirus24
psf,requests,2228,166111034,subscribed,2014-09-16T15:26:38Z,,,sigmavirus24
psf,requests,2228,166119226,mentioned,2014-09-16T15:38:11Z,,,Lukasa
psf,requests,2228,166119227,subscribed,2014-09-16T15:38:11Z,,,Lukasa
psf,requests,2228,166158744,mentioned,2014-09-16T16:44:24Z,,,sigmavirus24
psf,requests,2228,166158745,subscribed,2014-09-16T16:44:24Z,,,sigmavirus24
psf,requests,2228,166182643,mentioned,2014-09-16T17:25:50Z,,,Lukasa
psf,requests,2228,166182644,subscribed,2014-09-16T17:25:50Z,,,Lukasa
psf,requests,2228,166213064,mentioned,2014-09-16T18:17:47Z,,,Lukasa
psf,requests,2228,166213065,subscribed,2014-09-16T18:17:47Z,,,Lukasa
psf,requests,2228,166286896,mentioned,2014-09-16T20:32:29Z,,,Lukasa
psf,requests,2228,166286897,subscribed,2014-09-16T20:32:29Z,,,Lukasa
psf,requests,2228,166288458,mentioned,2014-09-16T20:35:33Z,,,sigmavirus24
psf,requests,2228,166288459,subscribed,2014-09-16T20:35:33Z,,,sigmavirus24
psf,requests,2228,166301405,mentioned,2014-09-16T20:59:02Z,,,kevinburke
psf,requests,2228,166301406,subscribed,2014-09-16T20:59:02Z,,,kevinburke
psf,requests,2228,220685795,labeled,2015-01-18T20:19:00Z,,,sigmavirus24
psf,requests,2228,220685807,unlabeled,2015-01-18T20:19:00Z,,,sigmavirus24
psf,requests,2228,220685829,labeled,2015-01-18T20:19:07Z,,,sigmavirus24
psf,requests,2228,220685832,milestoned,2015-01-18T20:19:11Z,,,sigmavirus24
psf,requests,2228,253617335,demilestoned,2015-03-14T12:43:41Z,,,sigmavirus24
psf,requests,2228,275236162,labeled,2015-04-07T13:41:31Z,,,sigmavirus24
psf,requests,2228,275236163,labeled,2015-04-07T13:41:31Z,,,sigmavirus24
psf,requests,2228,755055398,mentioned,2016-08-14T15:11:00Z,,,Lukasa
psf,requests,2228,755055399,subscribed,2016-08-14T15:11:00Z,,,Lukasa
psf,requests,2228,757612777,mentioned,2016-08-16T20:14:07Z,,,Brausepaul
psf,requests,2228,757612778,subscribed,2016-08-16T20:14:07Z,,,Brausepaul
psf,requests,2228,5680677655,closed,2021-11-28T03:00:28Z,,,sethmlarson
psf,requests,2228,6143225321,locked,2022-02-26T04:00:40Z,,,github-actions[bot]
psf,requests,2169,157501835,labeled,2014-08-26T19:20:42Z,,,kennethreitz
psf,requests,2169,157501855,labeled,2014-08-26T19:20:48Z,,,kennethreitz
psf,requests,2169,157504244,mentioned,2014-08-26T19:25:37Z,,,kevinburke
psf,requests,2169,157504245,subscribed,2014-08-26T19:25:37Z,,,kevinburke
psf,requests,2169,157574660,mentioned,2014-08-26T21:37:35Z,,,tychotatitscheff
psf,requests,2169,157574661,subscribed,2014-08-26T21:37:35Z,,,tychotatitscheff
psf,requests,2169,157694248,mentioned,2014-08-27T05:36:26Z,,,kevinburke
psf,requests,2169,157694249,subscribed,2014-08-27T05:36:26Z,,,kevinburke
psf,requests,2169,157694250,mentioned,2014-08-27T05:36:26Z,,,sigmavirus24
psf,requests,2169,157694251,subscribed,2014-08-27T05:36:26Z,,,sigmavirus24
psf,requests,2169,157905599,mentioned,2014-08-27T14:54:57Z,,,tychotatitscheff
psf,requests,2169,157905600,subscribed,2014-08-27T14:54:57Z,,,tychotatitscheff
psf,requests,2169,157905601,mentioned,2014-08-27T14:54:57Z,,,kennethreitz
psf,requests,2169,157905602,subscribed,2014-08-27T14:54:57Z,,,kennethreitz
psf,requests,2169,157915786,mentioned,2014-08-27T15:11:33Z,,,shazow
psf,requests,2169,157915787,subscribed,2014-08-27T15:11:33Z,,,shazow
psf,requests,2169,158533828,mentioned,2014-08-28T17:02:47Z,,,sigmavirus24
psf,requests,2169,158533830,subscribed,2014-08-28T17:02:47Z,,,sigmavirus24
psf,requests,2169,158536134,mentioned,2014-08-28T17:06:28Z,,,Lukasa
psf,requests,2169,158536135,subscribed,2014-08-28T17:06:28Z,,,Lukasa
psf,requests,2169,158992882,closed,2014-08-29T14:24:24Z,,,kennethreitz
psf,requests,2169,5275179657,locked,2021-09-08T23:10:38Z,,,github-actions[bot]
psf,requests,2144,144140815,labeled,2014-07-22T12:34:05Z,,,sigmavirus24
psf,requests,2144,144140830,labeled,2014-07-22T12:34:06Z,,,sigmavirus24
psf,requests,2144,146000452,closed,2014-07-27T13:59:08Z,,,kennethreitz
psf,requests,2144,5275180036,locked,2021-09-08T23:10:46Z,,,github-actions[bot]
psf,requests,2144,5275180037,locked,2021-09-08T23:10:46Z,,,github-actions[bot]
psf,requests,2063,124781486,labeled,2014-05-26T12:43:07Z,,,Lukasa
psf,requests,2063,125297147,mentioned,2014-05-27T20:55:21Z,,,asmeurer
psf,requests,2063,125297148,subscribed,2014-05-27T20:55:21Z,,,asmeurer
psf,requests,2063,125362041,mentioned,2014-05-28T00:32:41Z,,,asmeurer
psf,requests,2063,125362042,subscribed,2014-05-28T00:32:41Z,,,asmeurer
psf,requests,2063,125373579,mentioned,2014-05-28T01:36:56Z,,,Lukasa
psf,requests,2063,125373580,subscribed,2014-05-28T01:36:56Z,,,Lukasa
psf,requests,2063,125442876,mentioned,2014-05-28T08:06:33Z,,,asmeurer
psf,requests,2063,125442877,subscribed,2014-05-28T08:06:33Z,,,asmeurer
psf,requests,2063,125442878,closed,2014-05-28T08:06:33Z,,,Lukasa
psf,requests,2063,5275299664,locked,2021-09-09T00:00:55Z,,,github-actions[bot]
psf,requests,2003,177067575,milestoned,2014-10-10T18:35:12Z,,,sigmavirus24
psf,requests,2003,177067594,labeled,2014-10-10T18:35:14Z,,,sigmavirus24
psf,requests,2003,177067628,labeled,2014-10-10T18:35:18Z,,,sigmavirus24
psf,requests,2003,177067670,labeled,2014-10-10T18:35:22Z,,,sigmavirus24
psf,requests,2003,897096811,mentioned,2016-12-16T18:50:48Z,,,nateprewitt
psf,requests,2003,897096812,subscribed,2016-12-16T18:50:48Z,,,nateprewitt
psf,requests,2003,897109324,mentioned,2016-12-16T19:01:45Z,,,sigmavirus24
psf,requests,2003,897109325,subscribed,2016-12-16T19:01:45Z,,,sigmavirus24
psf,requests,2003,897643035,closed,2016-12-17T17:00:49Z,,,Lukasa
psf,requests,2003,5272189400,locked,2021-09-08T13:05:39Z,,,github-actions[bot]
psf,requests,1871,220686781,milestoned,2015-01-18T20:25:31Z,,,sigmavirus24
psf,requests,1871,220686823,labeled,2015-01-18T20:25:43Z,,,sigmavirus24
psf,requests,1871,220686831,labeled,2015-01-18T20:25:46Z,,,sigmavirus24
psf,requests,1871,491087005,mentioned,2015-12-14T15:23:37Z,,,Lukasa
psf,requests,1871,491087006,subscribed,2015-12-14T15:23:37Z,,,Lukasa
psf,requests,1871,491088194,mentioned,2015-12-14T15:24:27Z,,,pior
psf,requests,1871,491088195,subscribed,2015-12-14T15:24:27Z,,,pior
psf,requests,1871,491935339,mentioned,2015-12-15T08:15:27Z,,,pepijndevos
psf,requests,1871,491935340,subscribed,2015-12-15T08:15:27Z,,,pepijndevos
psf,requests,1871,501718158,mentioned,2015-12-28T21:59:23Z,,,Lukasa
psf,requests,1871,501718159,subscribed,2015-12-28T21:59:23Z,,,Lukasa
psf,requests,1871,1169134444,mentioned,2017-07-18T20:57:42Z,,,Lukasa
psf,requests,1871,1169134445,subscribed,2017-07-18T20:57:42Z,,,Lukasa
psf,requests,1871,1490457098,closed,2018-02-24T14:55:18Z,,,sigmavirus24
psf,requests,1871,2072898110,mentioned,2019-01-14T20:49:17Z,,,PythonProgrammer77
psf,requests,1871,2072898112,subscribed,2019-01-14T20:49:17Z,,,PythonProgrammer77
psf,requests,1871,2073293140,mentioned,2019-01-15T00:08:36Z,,,PythonProgrammer77
psf,requests,1871,2073293141,subscribed,2019-01-15T00:08:36Z,,,PythonProgrammer77
psf,requests,1871,5223300712,locked,2021-08-30T00:06:12Z,,,github-actions[bot]
psf,requests,1767,78922031,referenced,2013-12-01T11:33:50Z,4f786e4f6240d3518d1add2faf49166301580732,https://api.github.com/repos/Lukasa/requests/commits/4f786e4f6240d3518d1add2faf49166301580732,Lukasa
psf,requests,1767,78935767,mentioned,2013-12-01T17:53:14Z,,,lw
psf,requests,1767,78935768,subscribed,2013-12-01T17:53:14Z,,,lw
psf,requests,1767,79473261,closed,2013-12-04T01:36:00Z,,,kennethreitz
psf,requests,1767,5275384869,locked,2021-09-09T00:34:14Z,,,github-actions[bot]
psf,requests,1755,78052557,closed,2013-11-25T22:41:13Z,,,akitada
psf,requests,1755,78344975,reopened,2013-11-27T02:29:23Z,,,sigmavirus24
psf,requests,1755,78344991,mentioned,2013-11-27T02:29:41Z,,,akitada
psf,requests,1755,78344992,subscribed,2013-11-27T02:29:41Z,,,akitada
psf,requests,1755,78568350,mentioned,2013-11-28T02:02:48Z,,,akitada
psf,requests,1755,78568351,subscribed,2013-11-28T02:02:48Z,,,akitada
psf,requests,1755,79972165,closed,2013-12-05T23:04:56Z,,,Lukasa
psf,requests,1755,5275370532,locked,2021-09-09T00:28:34Z,,,github-actions[bot]
psf,requests,1746,76745491,referenced,2013-11-19T08:53:44Z,01993d21dc7d6fa8f0acf657425d2fead9b2ddea,https://api.github.com/repos/psf/requests/commits/01993d21dc7d6fa8f0acf657425d2fead9b2ddea,Lukasa
psf,requests,1746,76756006,referenced,2013-11-19T10:00:04Z,8c8938e8cb7ffded42cf463f652831ca7e88e5fc,https://api.github.com/repos/daftshady/requests/commits/8c8938e8cb7ffded42cf463f652831ca7e88e5fc,daftshady
psf,requests,1746,77016426,referenced,2013-11-20T09:05:16Z,3327652623415cfa408ef54898071f28e9600ef6,https://api.github.com/repos/psf/requests/commits/3327652623415cfa408ef54898071f28e9600ef6,kennethreitz
psf,requests,1746,77070815,mentioned,2013-11-20T14:31:10Z,,,
psf,requests,1746,77070816,subscribed,2013-11-20T14:31:10Z,,,
psf,requests,1746,77071108,mentioned,2013-11-20T14:32:31Z,,,kennethreitz
psf,requests,1746,77071109,subscribed,2013-11-20T14:32:31Z,,,kennethreitz
psf,requests,1746,77071110,mentioned,2013-11-20T14:32:31Z,,,Lukasa
psf,requests,1746,77071111,subscribed,2013-11-20T14:32:31Z,,,Lukasa
psf,requests,1746,78117401,mentioned,2013-11-26T07:55:51Z,,,Lukasa
psf,requests,1746,78117402,subscribed,2013-11-26T07:55:51Z,,,Lukasa
psf,requests,1746,78124932,mentioned,2013-11-26T08:54:23Z,,,ionrock
psf,requests,1746,78124933,subscribed,2013-11-26T08:54:23Z,,,ionrock
psf,requests,1746,79972199,closed,2013-12-05T23:05:08Z,,,Lukasa
psf,requests,1746,5275370509,locked,2021-09-09T00:28:34Z,,,github-actions[bot]
psf,requests,1732,74988810,mentioned,2013-11-09T08:57:36Z,,,t-8ch
psf,requests,1732,74988811,subscribed,2013-11-09T08:57:36Z,,,t-8ch
psf,requests,1732,79972223,closed,2013-12-05T23:05:18Z,,,Lukasa
psf,requests,1732,5275172092,locked,2021-09-08T23:08:00Z,,,github-actions[bot]
psf,requests,1711,72839930,referenced,2013-10-29T14:24:12Z,918f0de19a69eb94624328e5905a8f244994b0e7,https://api.github.com/repos/daftshady/requests/commits/918f0de19a69eb94624328e5905a8f244994b0e7,daftshady
psf,requests,1711,72846021,referenced,2013-10-29T14:48:21Z,81095e053d9b571c14e89bab8a26a7520816aa1c,https://api.github.com/repos/daftshady/requests/commits/81095e053d9b571c14e89bab8a26a7520816aa1c,daftshady
psf,requests,1711,72881619,referenced,2013-10-29T16:58:32Z,12d1daef65214d6355074551ce1156f6697bdd6e,https://api.github.com/repos/daftshady/requests/commits/12d1daef65214d6355074551ce1156f6697bdd6e,daftshady
psf,requests,1711,72980204,mentioned,2013-10-30T00:48:26Z,,,abn
psf,requests,1711,72980205,subscribed,2013-10-30T00:48:26Z,,,abn
psf,requests,1711,72987441,mentioned,2013-10-30T01:56:48Z,,,sigmavirus24
psf,requests,1711,72987442,subscribed,2013-10-30T01:56:48Z,,,sigmavirus24
psf,requests,1711,72991113,mentioned,2013-10-30T02:38:07Z,,,abn
psf,requests,1711,72991114,subscribed,2013-10-30T02:38:07Z,,,abn
psf,requests,1711,73789221,referenced,2013-11-04T09:25:53Z,372c5814bc8f3bdfb1011192f2b42107cdc11933,https://api.github.com/repos/daftshady/requests/commits/372c5814bc8f3bdfb1011192f2b42107cdc11933,daftshady
psf,requests,1711,73789222,referenced,2013-11-04T09:25:53Z,6e7e17dd8be28a5d1712a54e6b0bfbc774e1b645,https://api.github.com/repos/daftshady/requests/commits/6e7e17dd8be28a5d1712a54e6b0bfbc774e1b645,daftshady
psf,requests,1711,74502512,referenced,2013-11-07T03:10:34Z,6c6416c9c9ad1d03368a690f88957d5284dd8966,https://api.github.com/repos/daftshady/requests/commits/6c6416c9c9ad1d03368a690f88957d5284dd8966,daftshady
psf,requests,1711,74502513,referenced,2013-11-07T03:10:34Z,cd9724a9a1ee5fa456ccb0ad8e11435f0a57ce12,https://api.github.com/repos/daftshady/requests/commits/cd9724a9a1ee5fa456ccb0ad8e11435f0a57ce12,daftshady
psf,requests,1711,78109477,referenced,2013-11-26T06:34:07Z,2bbd7ba1c2c5a56c0957be64b5f94f6a4b0243ca,https://api.github.com/repos/daftshady/requests/commits/2bbd7ba1c2c5a56c0957be64b5f94f6a4b0243ca,daftshady
psf,requests,1711,78109478,referenced,2013-11-26T06:34:07Z,e3c771f36bbec5d116181229b58182435a2da461,https://api.github.com/repos/daftshady/requests/commits/e3c771f36bbec5d116181229b58182435a2da461,daftshady
psf,requests,1711,79472954,closed,2013-12-04T01:33:34Z,2bbd7ba1c2c5a56c0957be64b5f94f6a4b0243ca,https://api.github.com/repos/psf/requests/commits/2bbd7ba1c2c5a56c0957be64b5f94f6a4b0243ca,kennethreitz
psf,requests,1711,79472955,referenced,2013-12-04T01:33:34Z,8b88549bb78350b6918e13af5df8a03a2572bee7,https://api.github.com/repos/psf/requests/commits/8b88549bb78350b6918e13af5df8a03a2572bee7,kennethreitz
psf,requests,1711,5275180277,locked,2021-09-08T23:10:52Z,,,github-actions[bot]
psf,requests,1711,5275180278,locked,2021-09-08T23:10:52Z,,,github-actions[bot]
psf,requests,1703,72297258,mentioned,2013-10-25T13:38:46Z,,,canibanoglu
psf,requests,1703,72297259,subscribed,2013-10-25T13:38:46Z,,,canibanoglu
psf,requests,1703,72316447,mentioned,2013-10-25T15:09:23Z,,,canibanoglu
psf,requests,1703,72316448,subscribed,2013-10-25T15:09:23Z,,,canibanoglu
psf,requests,1703,79972248,closed,2013-12-05T23:05:28Z,,,Lukasa
psf,requests,1703,5275370484,locked,2021-09-09T00:28:33Z,,,github-actions[bot]
psf,requests,1685,90298934,closed,2014-02-03T11:01:02Z,,,Lukasa
psf,requests,1685,187007714,reopened,2014-11-02T01:19:57Z,,,sigmavirus24
psf,requests,1685,187095380,mentioned,2014-11-02T18:56:42Z,,,sigmavirus24
psf,requests,1685,187095381,subscribed,2014-11-02T18:56:42Z,,,sigmavirus24
psf,requests,1685,187101774,labeled,2014-11-02T19:50:42Z,,,sigmavirus24
psf,requests,1685,187747145,mentioned,2014-11-04T00:14:35Z,,,sigmavirus24
psf,requests,1685,187747146,subscribed,2014-11-04T00:14:35Z,,,sigmavirus24
psf,requests,1685,187748509,mentioned,2014-11-04T00:18:30Z,,,mhjohnson
psf,requests,1685,187748510,subscribed,2014-11-04T00:18:30Z,,,mhjohnson
psf,requests,1685,187748863,mentioned,2014-11-04T00:19:28Z,,,mhjohnson
psf,requests,1685,187748864,subscribed,2014-11-04T00:19:28Z,,,mhjohnson
psf,requests,1685,187754591,mentioned,2014-11-04T00:36:56Z,,,mhjohnson
psf,requests,1685,187754592,subscribed,2014-11-04T00:36:56Z,,,mhjohnson
psf,requests,1685,187833769,mentioned,2014-11-04T05:27:56Z,,,sigmavirus24
psf,requests,1685,187833770,subscribed,2014-11-04T05:27:56Z,,,sigmavirus24
psf,requests,1685,187837144,mentioned,2014-11-04T05:43:48Z,,,sigmavirus24
psf,requests,1685,187837145,subscribed,2014-11-04T05:43:48Z,,,sigmavirus24
psf,requests,1685,187843122,mentioned,2014-11-04T06:11:23Z,,,sigmavirus24
psf,requests,1685,187843123,subscribed,2014-11-04T06:11:23Z,,,sigmavirus24
psf,requests,1685,188065158,mentioned,2014-11-04T15:04:03Z,,,mhjohnson
psf,requests,1685,188065159,subscribed,2014-11-04T15:04:03Z,,,mhjohnson
psf,requests,1685,189846535,mentioned,2014-11-07T10:28:47Z,,,mhjohnson
psf,requests,1685,189846536,subscribed,2014-11-07T10:28:47Z,,,mhjohnson
psf,requests,1685,189846537,mentioned,2014-11-07T10:28:47Z,,,kevinburke
psf,requests,1685,189846538,subscribed,2014-11-07T10:28:47Z,,,kevinburke
psf,requests,1685,189846539,mentioned,2014-11-07T10:28:47Z,,,sigmavirus24
psf,requests,1685,189846540,subscribed,2014-11-07T10:28:47Z,,,sigmavirus24
psf,requests,1685,189916731,mentioned,2014-11-07T13:35:55Z,,,stas
psf,requests,1685,189916732,subscribed,2014-11-07T13:35:55Z,,,stas
psf,requests,1685,189916733,mentioned,2014-11-07T13:35:55Z,,,kennethreitz
psf,requests,1685,189916734,subscribed,2014-11-07T13:35:55Z,,,kennethreitz
psf,requests,1685,189973500,referenced,2014-11-07T15:26:52Z,3155bc99362a8c6ab136b6a3bb999732617cd2e5,https://api.github.com/repos/sigmavirus24/requests/commits/3155bc99362a8c6ab136b6a3bb999732617cd2e5,sigmavirus24
psf,requests,1685,190345511,mentioned,2014-11-08T16:56:23Z,,,alex
psf,requests,1685,190345512,subscribed,2014-11-08T16:56:23Z,,,alex
psf,requests,1685,190359061,mentioned,2014-11-08T18:26:32Z,,,profile-zz
psf,requests,1685,190359062,subscribed,2014-11-08T18:26:32Z,,,profile-zz
psf,requests,1685,190381995,mentioned,2014-11-08T20:46:46Z,,,profile-zz
psf,requests,1685,190381996,subscribed,2014-11-08T20:46:46Z,,,profile-zz
psf,requests,1685,190401955,mentioned,2014-11-08T23:58:15Z,,,alex
psf,requests,1685,190401956,subscribed,2014-11-08T23:58:15Z,,,alex
psf,requests,1685,190401957,mentioned,2014-11-08T23:58:15Z,,,stas
psf,requests,1685,190401958,subscribed,2014-11-08T23:58:15Z,,,stas
psf,requests,1685,192176157,closed,2014-11-12T17:34:14Z,,,kennethreitz
psf,requests,1685,192215346,reopened,2014-11-12T18:37:33Z,,,sigmavirus24
psf,requests,1685,193604511,referenced,2014-11-14T21:31:15Z,c0e927c52b8f049d6aa816360780580173871ac6,https://api.github.com/repos/ContinuousFunction/requests/commits/c0e927c52b8f049d6aa816360780580173871ac6,ContinuousFunction
psf,requests,1685,197658562,referenced,2014-11-24T15:32:01Z,103e8bfbc415f0d35ee7d9a4e2dadf883a82ec20,https://api.github.com/repos/winterthediplomat/moesearch/commits/103e8bfbc415f0d35ee7d9a4e2dadf883a82ec20,winterthediplomat
psf,requests,1685,522951730,mentioned,2016-01-22T13:55:22Z,,,barroca
psf,requests,1685,522951732,subscribed,2016-01-22T13:55:22Z,,,barroca
psf,requests,1685,523006867,mentioned,2016-01-22T14:50:09Z,,,sigmavirus24
psf,requests,1685,523006868,subscribed,2016-01-22T14:50:09Z,,,sigmavirus24
psf,requests,1685,523026404,mentioned,2016-01-22T15:06:56Z,,,barroca
psf,requests,1685,523026405,subscribed,2016-01-22T15:06:56Z,,,barroca
psf,requests,1685,629758917,closed,2016-04-16T04:18:33Z,,,sigmavirus24
psf,requests,1685,1443456619,mentioned,2018-01-26T11:59:55Z,,,Makecodeeasy
psf,requests,1685,1443456620,subscribed,2018-01-26T11:59:55Z,,,Makecodeeasy
psf,requests,1685,1444805188,mentioned,2018-01-27T12:48:57Z,,,AndCycle
psf,requests,1685,1444805189,subscribed,2018-01-27T12:48:57Z,,,AndCycle
psf,requests,1685,5256944911,locked,2021-09-05T00:06:47Z,,,github-actions[bot]
psf,requests,1655,69037614,mentioned,2013-10-07T18:03:12Z,,,mgax
psf,requests,1655,69037615,subscribed,2013-10-07T18:03:12Z,,,mgax
psf,requests,1655,69040840,mentioned,2013-10-07T18:18:54Z,,,sigmavirus24
psf,requests,1655,69040841,subscribed,2013-10-07T18:18:54Z,,,sigmavirus24
psf,requests,1655,79472974,closed,2013-12-04T01:33:42Z,,,kennethreitz
psf,requests,1655,5275370547,locked,2021-09-09T00:28:35Z,,,github-actions[bot]
psf,requests,1648,68780099,mentioned,2013-10-04T20:16:23Z,,,sigmavirus24
psf,requests,1648,68780100,subscribed,2013-10-04T20:16:23Z,,,sigmavirus24
psf,requests,1648,68788614,mentioned,2013-10-04T21:02:09Z,,,ysangkok
psf,requests,1648,68788615,subscribed,2013-10-04T21:02:09Z,,,ysangkok
psf,requests,1648,68823923,mentioned,2013-10-05T05:59:56Z,,,sigmavirus24
psf,requests,1648,68823924,subscribed,2013-10-05T05:59:56Z,,,sigmavirus24
psf,requests,1648,68838418,mentioned,2013-10-05T15:01:27Z,,,ysangkok
psf,requests,1648,68838419,subscribed,2013-10-05T15:01:27Z,,,ysangkok
psf,requests,1648,68838420,mentioned,2013-10-05T15:01:27Z,,,Lukasa
psf,requests,1648,68838421,subscribed,2013-10-05T15:01:27Z,,,Lukasa
psf,requests,1648,76199406,mentioned,2013-11-15T12:55:21Z,,,bryanhelmig
psf,requests,1648,76199407,subscribed,2013-11-15T12:55:21Z,,,bryanhelmig
psf,requests,1648,76241196,mentioned,2013-11-15T16:15:58Z,,,bryanhelmig
psf,requests,1648,76241197,subscribed,2013-11-15T16:15:58Z,,,bryanhelmig
psf,requests,1648,76241198,mentioned,2013-11-15T16:15:58Z,,,sigmavirus24
psf,requests,1648,76241199,subscribed,2013-11-15T16:15:58Z,,,sigmavirus24
psf,requests,1648,76253366,mentioned,2013-11-15T17:06:25Z,,,ysangkok
psf,requests,1648,76253367,subscribed,2013-11-15T17:06:25Z,,,ysangkok
psf,requests,1648,76253368,mentioned,2013-11-15T17:06:25Z,,,sigmavirus24
psf,requests,1648,76253369,subscribed,2013-11-15T17:06:25Z,,,sigmavirus24
psf,requests,1648,76253370,mentioned,2013-11-15T17:06:25Z,,,bryanhelmig
psf,requests,1648,76253371,subscribed,2013-11-15T17:06:25Z,,,bryanhelmig
psf,requests,1648,76287034,mentioned,2013-11-15T19:41:53Z,,,sigmavirus24
psf,requests,1648,76287035,subscribed,2013-11-15T19:41:53Z,,,sigmavirus24
psf,requests,1648,76287036,mentioned,2013-11-15T19:41:53Z,,,ysangkok
psf,requests,1648,76287037,subscribed,2013-11-15T19:41:53Z,,,ysangkok
psf,requests,1648,76287038,mentioned,2013-11-15T19:41:53Z,,,Lukasa
psf,requests,1648,76287039,subscribed,2013-11-15T19:41:53Z,,,Lukasa
psf,requests,1648,76426898,mentioned,2013-11-17T17:19:37Z,,,piotr-dobrogost
psf,requests,1648,76426899,subscribed,2013-11-17T17:19:37Z,,,piotr-dobrogost
psf,requests,1648,76434023,mentioned,2013-11-17T19:30:06Z,,,bryanhelmig
psf,requests,1648,76434024,subscribed,2013-11-17T19:30:06Z,,,bryanhelmig
psf,requests,1648,76436564,mentioned,2013-11-17T20:14:55Z,,,bryanhelmig
psf,requests,1648,76436565,subscribed,2013-11-17T20:14:55Z,,,bryanhelmig
psf,requests,1648,76436566,mentioned,2013-11-17T20:14:55Z,,,zapier
psf,requests,1648,76436567,subscribed,2013-11-17T20:14:55Z,,,zapier
psf,requests,1648,76487527,mentioned,2013-11-18T08:42:57Z,,,sigmavirus24
psf,requests,1648,76487528,subscribed,2013-11-18T08:42:57Z,,,sigmavirus24
psf,requests,1648,94441602,mentioned,2014-02-18T07:49:58Z,,,piotr-dobrogost
psf,requests,1648,94441603,subscribed,2014-02-18T07:49:58Z,,,piotr-dobrogost
psf,requests,1648,94452046,mentioned,2014-02-18T08:45:25Z,,,netheosgithub
psf,requests,1648,94452047,subscribed,2014-02-18T08:45:25Z,,,netheosgithub
psf,requests,1648,94459580,mentioned,2014-02-18T09:18:41Z,,,bryanhelmig
psf,requests,1648,94459581,subscribed,2014-02-18T09:18:41Z,,,bryanhelmig
psf,requests,1648,94819338,mentioned,2014-02-19T07:45:48Z,,,gholms
psf,requests,1648,94819339,subscribed,2014-02-19T07:45:48Z,,,gholms
psf,requests,1648,94831309,mentioned,2014-02-19T08:50:32Z,,,sigmavirus24
psf,requests,1648,94831310,subscribed,2014-02-19T08:50:32Z,,,sigmavirus24
psf,requests,1648,95414543,mentioned,2014-02-20T19:12:36Z,,,sigmavirus24
psf,requests,1648,95414544,subscribed,2014-02-20T19:12:36Z,,,sigmavirus24
psf,requests,1648,120018636,mentioned,2014-05-12T08:41:43Z,,,bryanhelmig
psf,requests,1648,120018637,subscribed,2014-05-12T08:41:43Z,,,bryanhelmig
psf,requests,1648,120018638,mentioned,2014-05-12T08:41:43Z,,,netheosgithub
psf,requests,1648,120018639,subscribed,2014-05-12T08:41:43Z,,,netheosgithub
psf,requests,1648,120110810,mentioned,2014-05-12T13:36:44Z,,,jbaiter
psf,requests,1648,120110811,subscribed,2014-05-12T13:36:44Z,,,jbaiter
psf,requests,1648,120116810,mentioned,2014-05-12T13:51:02Z,,,sigmavirus24
psf,requests,1648,120116811,subscribed,2014-05-12T13:51:02Z,,,sigmavirus24
psf,requests,1648,120118484,mentioned,2014-05-12T13:54:33Z,,,Lukasa
psf,requests,1648,120118486,subscribed,2014-05-12T13:54:33Z,,,Lukasa
psf,requests,1648,120236986,mentioned,2014-05-12T18:06:44Z,,,sigmavirus24
psf,requests,1648,120236987,subscribed,2014-05-12T18:06:44Z,,,sigmavirus24
psf,requests,1648,120398506,mentioned,2014-05-13T02:33:40Z,,,Lukasa
psf,requests,1648,120398507,subscribed,2014-05-13T02:33:40Z,,,Lukasa
psf,requests,1648,129160286,referenced,2014-06-08T16:49:39Z,72f4cfc3b1b3e92d1b0c0e42611d8dc31e591d23,https://api.github.com/repos/requests/toolbelt/commits/72f4cfc3b1b3e92d1b0c0e42611d8dc31e591d23,sigmavirus24
psf,requests,1648,129160287,referenced,2014-06-08T16:49:39Z,fab6c924ee446a1666ef7b63b4d4f9216d8ed1fc,https://api.github.com/repos/requests/toolbelt/commits/fab6c924ee446a1666ef7b63b4d4f9216d8ed1fc,sigmavirus24
psf,requests,1648,381783196,referenced,2015-08-13T18:36:52Z,b7e939837f2b6fdb422dc75a8f90e70d99e725b7,https://api.github.com/repos/Bluehorn/requests/commits/b7e939837f2b6fdb422dc75a8f90e70d99e725b7,Bluehorn
psf,requests,1648,602873429,mentioned,2016-03-25T10:18:39Z,,,sigmavirus24
psf,requests,1648,602873430,subscribed,2016-03-25T10:18:39Z,,,sigmavirus24
psf,requests,1648,603040192,mentioned,2016-03-25T14:06:27Z,,,ztane
psf,requests,1648,603040193,subscribed,2016-03-25T14:06:27Z,,,ztane
psf,requests,1648,604196391,mentioned,2016-03-26T19:16:34Z,,,sigmavirus24
psf,requests,1648,604196392,subscribed,2016-03-26T19:16:34Z,,,sigmavirus24
psf,requests,1648,605324052,mentioned,2016-03-28T15:16:02Z,,,ztane
psf,requests,1648,605324053,subscribed,2016-03-28T15:16:02Z,,,ztane
psf,requests,1648,653147032,mentioned,2016-05-06T20:58:47Z,,,timuralp
psf,requests,1648,653147033,subscribed,2016-05-06T20:58:47Z,,,timuralp
psf,requests,1648,653217437,mentioned,2016-05-06T22:15:03Z,,,Lukasa
psf,requests,1648,653217438,subscribed,2016-05-06T22:15:03Z,,,Lukasa
psf,requests,1648,653217439,mentioned,2016-05-06T22:15:03Z,,,sigmavirus24
psf,requests,1648,653217440,subscribed,2016-05-06T22:15:03Z,,,sigmavirus24
psf,requests,1648,983953352,closed,2017-03-02T16:28:35Z,,,nateprewitt
psf,requests,1648,5271835599,locked,2021-09-08T12:00:49Z,,,github-actions[bot]
psf,requests,1642,79972445,closed,2013-12-05T23:06:26Z,,,Lukasa
psf,requests,1642,5275370458,locked,2021-09-09T00:28:33Z,,,github-actions[bot]
psf,requests,1630,67540434,mentioned,2013-09-27T11:36:55Z,,,Lukasa
psf,requests,1630,67540435,subscribed,2013-09-27T11:36:55Z,,,Lukasa
psf,requests,1630,67541226,mentioned,2013-09-27T11:44:00Z,,,daftshady
psf,requests,1630,67541227,subscribed,2013-09-27T11:44:00Z,,,daftshady
psf,requests,1630,67544270,mentioned,2013-09-27T12:08:51Z,,,Lukasa
psf,requests,1630,67544271,subscribed,2013-09-27T12:08:51Z,,,Lukasa
psf,requests,1630,67551164,mentioned,2013-09-27T12:59:03Z,,,Lukasa
psf,requests,1630,67551165,subscribed,2013-09-27T12:59:03Z,,,Lukasa
psf,requests,1630,67681260,referenced,2013-09-28T07:34:11Z,39fe0068aa657764778782ce4ca11d5e3ee08c66,https://api.github.com/repos/daftshady/requests/commits/39fe0068aa657764778782ce4ca11d5e3ee08c66,daftshady
psf,requests,1630,67692731,referenced,2013-09-28T14:47:53Z,d22eaf96e2a1c64bc29579a072f67d2a9c758ef8,https://api.github.com/repos/daftshady/requests/commits/d22eaf96e2a1c64bc29579a072f67d2a9c758ef8,daftshady
psf,requests,1630,69100131,closed,2013-10-07T23:22:49Z,39fe0068aa657764778782ce4ca11d5e3ee08c66,https://api.github.com/repos/psf/requests/commits/39fe0068aa657764778782ce4ca11d5e3ee08c66,kennethreitz
psf,requests,1630,69100132,referenced,2013-10-07T23:22:49Z,318ca102cd591da32476b1c1b5171b3630170861,https://api.github.com/repos/psf/requests/commits/318ca102cd591da32476b1c1b5171b3630170861,kennethreitz
psf,requests,1630,5275385272,locked,2021-09-09T00:34:24Z,,,github-actions[bot]
psf,requests,1622,67085802,mentioned,2013-09-25T07:48:23Z,,,schlamar
psf,requests,1622,67085803,subscribed,2013-09-25T07:48:23Z,,,schlamar
psf,requests,1622,67087589,mentioned,2013-09-25T08:01:34Z,,,GrahamDumpleton
psf,requests,1622,67087590,subscribed,2013-09-25T08:01:34Z,,,GrahamDumpleton
psf,requests,1622,67112372,mentioned,2013-09-25T10:54:38Z,,,GrahamDumpleton
psf,requests,1622,67112373,subscribed,2013-09-25T10:54:38Z,,,GrahamDumpleton
psf,requests,1622,67317849,mentioned,2013-09-26T09:39:44Z,,,Lukasa
psf,requests,1622,67317850,subscribed,2013-09-26T09:39:44Z,,,Lukasa
psf,requests,1622,69848911,mentioned,2013-10-11T11:08:20Z,,,schlamar
psf,requests,1622,69848912,subscribed,2013-10-11T11:08:20Z,,,schlamar
psf,requests,1622,69848913,mentioned,2013-10-11T11:08:20Z,,,t-8ch
psf,requests,1622,69848914,subscribed,2013-10-11T11:08:20Z,,,t-8ch
psf,requests,1622,70013741,mentioned,2013-10-12T11:22:09Z,,,Lukasa
psf,requests,1622,70013742,subscribed,2013-10-12T11:22:09Z,,,Lukasa
psf,requests,1622,70013743,mentioned,2013-10-12T11:22:09Z,,,schlamar
psf,requests,1622,70013744,subscribed,2013-10-12T11:22:09Z,,,schlamar
psf,requests,1622,70017675,mentioned,2013-10-12T13:43:25Z,,,GrahamDumpleton
psf,requests,1622,70017676,subscribed,2013-10-12T13:43:25Z,,,GrahamDumpleton
psf,requests,1622,70032236,mentioned,2013-10-12T20:03:04Z,,,schlamar
psf,requests,1622,70032237,subscribed,2013-10-12T20:03:04Z,,,schlamar
psf,requests,1622,220688407,labeled,2015-01-18T20:36:37Z,,,sigmavirus24
psf,requests,1622,220847481,closed,2015-01-19T09:25:49Z,,,Lukasa
psf,requests,1622,5275166576,locked,2021-09-08T23:06:05Z,,,github-actions[bot]
psf,requests,1572,64385245,assigned,2013-09-08T15:04:20Z,,,Lukasa
psf,requests,1572,174272668,milestoned,2014-10-05T17:31:47Z,,,sigmavirus24
psf,requests,1572,193820748,referenced,2014-11-15T23:15:52Z,76b306942f4b0bf6824bf5d02b90c3a6ec6e27f8,https://api.github.com/repos/ContinuousFunction/requests/commits/76b306942f4b0bf6824bf5d02b90c3a6ec6e27f8,ContinuousFunction
psf,requests,1572,193829898,referenced,2014-11-16T00:58:41Z,087a27aba97d3eac017d321e37bf1970f8833c1a,https://api.github.com/repos/ContinuousFunction/requests/commits/087a27aba97d3eac017d321e37bf1970f8833c1a,ContinuousFunction
psf,requests,1572,193978958,referenced,2014-11-17T00:39:23Z,a93ee0a8d6aabfeeef76e00c7370271943dcee2f,https://api.github.com/repos/ContinuousFunction/requests/commits/a93ee0a8d6aabfeeef76e00c7370271943dcee2f,ContinuousFunction
psf,requests,1572,426819455,closed,2015-10-05T14:09:46Z,,,Lukasa
psf,requests,1572,5274979654,locked,2021-09-08T22:00:45Z,,,github-actions[bot]
psf,requests,1561,63255360,mentioned,2013-08-30T15:10:18Z,,,sigmavirus24
psf,requests,1561,63255361,subscribed,2013-08-30T15:10:18Z,,,sigmavirus24
psf,requests,1561,63316934,mentioned,2013-08-30T21:17:45Z,,,Lukasa
psf,requests,1561,63316935,subscribed,2013-08-30T21:17:45Z,,,Lukasa
psf,requests,1561,63345160,mentioned,2013-08-31T05:49:27Z,,,kennethreitz
psf,requests,1561,63345161,subscribed,2013-08-31T05:49:27Z,,,kennethreitz
psf,requests,1561,63358108,mentioned,2013-08-31T14:46:38Z,,,Lukasa
psf,requests,1561,63358109,subscribed,2013-08-31T14:46:38Z,,,Lukasa
psf,requests,1561,174272551,milestoned,2014-10-05T17:30:27Z,,,sigmavirus24
psf,requests,1561,916164715,closed,2017-01-09T16:17:38Z,,,Lukasa
psf,requests,1561,1018417301,referenced,2017-03-28T12:14:08Z,fc8b68311d17898a16cda206e1869b05c6daa45b,https://api.github.com/repos/wesselt/python-bunq/commits/fc8b68311d17898a16cda206e1869b05c6daa45b,wesselt
psf,requests,1561,5272188899,locked,2021-09-08T13:05:32Z,,,github-actions[bot]
psf,requests,1434,54074949,mentioned,2013-06-25T20:53:10Z,,,chinux23
psf,requests,1434,54074950,subscribed,2013-06-25T20:53:10Z,,,chinux23
psf,requests,1434,54134873,closed,2013-06-26T07:38:03Z,,,Lukasa
psf,requests,1434,73900650,referenced,2013-11-04T18:54:57Z,90837359632b43aba7900b65b42744715f0b739a,https://api.github.com/repos/t-8ch/requests/commits/90837359632b43aba7900b65b42744715f0b739a,t-8ch
psf,requests,1434,73900651,referenced,2013-11-04T18:54:57Z,a1bb7fb0d2939f4811fd470bdba9d98ca35f4de4,https://api.github.com/repos/t-8ch/requests/commits/a1bb7fb0d2939f4811fd470bdba9d98ca35f4de4,t-8ch
psf,requests,1434,5275743417,locked,2021-09-09T03:00:20Z,,,github-actions[bot]
psf,requests,1397,51735021,mentioned,2013-06-06T21:44:02Z,,,Lukasa
psf,requests,1397,51735022,subscribed,2013-06-06T21:44:02Z,,,Lukasa
psf,requests,1397,58049313,mentioned,2013-07-25T14:39:34Z,,,kracekumar
psf,requests,1397,58049314,subscribed,2013-07-25T14:39:34Z,,,kracekumar
psf,requests,1397,61274299,closed,2013-08-17T06:35:52Z,,,Lukasa
psf,requests,1397,5275626971,locked,2021-09-09T02:11:37Z,,,github-actions[bot]
psf,requests,1336,47090020,mentioned,2013-04-30T08:27:45Z,,,gazpachoking
psf,requests,1336,47090021,subscribed,2013-04-30T08:27:45Z,,,gazpachoking
psf,requests,1336,47090022,mentioned,2013-04-30T08:27:45Z,,,sigmavirus24
psf,requests,1336,47090023,subscribed,2013-04-30T08:27:45Z,,,sigmavirus24
psf,requests,1336,47284966,mentioned,2013-05-01T16:45:02Z,,,gazpachoking
psf,requests,1336,47284967,subscribed,2013-05-01T16:45:02Z,,,gazpachoking
psf,requests,1336,47368173,mentioned,2013-05-02T07:22:58Z,,,sigmavirus24
psf,requests,1336,47368174,subscribed,2013-05-02T07:22:58Z,,,sigmavirus24
psf,requests,1336,47408134,mentioned,2013-05-02T13:56:06Z,,,Lukasa
psf,requests,1336,47408135,subscribed,2013-05-02T13:56:06Z,,,Lukasa
psf,requests,1336,47674008,mentioned,2013-05-04T20:54:38Z,,,sigmavirus24
psf,requests,1336,47674009,subscribed,2013-05-04T20:54:38Z,,,sigmavirus24
psf,requests,1336,50448376,mentioned,2013-05-28T17:04:09Z,,,Lukasa
psf,requests,1336,50448377,subscribed,2013-05-28T17:04:09Z,,,Lukasa
psf,requests,1336,50448378,mentioned,2013-05-28T17:04:09Z,,,gazpachoking
psf,requests,1336,50448379,subscribed,2013-05-28T17:04:09Z,,,gazpachoking
psf,requests,1336,50910540,referenced,2013-05-31T13:28:00Z,d8960cee5fc458cdf55b6052790259022fe811ce,https://api.github.com/repos/Sriram137/requests/commits/d8960cee5fc458cdf55b6052790259022fe811ce,Sriram137
psf,requests,1336,50915997,referenced,2013-05-31T14:08:15Z,752edb57c5305d67d54cb9cb41f4f6198b92dc1b,https://api.github.com/repos/Sriram137/requests/commits/752edb57c5305d67d54cb9cb41f4f6198b92dc1b,Sriram137
psf,requests,1336,51059821,mentioned,2013-06-02T18:30:26Z,,,sigmavirus24
psf,requests,1336,51059822,subscribed,2013-06-02T18:30:26Z,,,sigmavirus24
psf,requests,1336,51616346,mentioned,2013-06-06T08:36:55Z,,,ericl
psf,requests,1336,51616347,subscribed,2013-06-06T08:36:55Z,,,ericl
psf,requests,1336,51616348,mentioned,2013-06-06T08:36:55Z,,,sigmavirus24
psf,requests,1336,51616349,subscribed,2013-06-06T08:36:55Z,,,sigmavirus24
psf,requests,1336,57315665,referenced,2013-07-19T20:14:44Z,7e233b4657a3ea86dd9f603b21ebc8ca9456f136,https://api.github.com/repos/sigmavirus24/requests/commits/7e233b4657a3ea86dd9f603b21ebc8ca9456f136,sigmavirus24
psf,requests,1336,57315790,mentioned,2013-07-19T20:15:28Z,,,iross
psf,requests,1336,57315791,subscribed,2013-07-19T20:15:28Z,,,iross
psf,requests,1336,58245032,referenced,2013-07-26T16:05:13Z,4842819e2edb646f4294c75b08790b9e85302d7f,https://api.github.com/repos/sigmavirus24/requests/commits/4842819e2edb646f4294c75b08790b9e85302d7f,sigmavirus24
psf,requests,1336,58355787,referenced,2013-07-28T03:10:54Z,73635df1b2680e8b4ac7babc0ab0bc004fbb21b7,https://api.github.com/repos/sigmavirus24/requests/commits/73635df1b2680e8b4ac7babc0ab0bc004fbb21b7,sigmavirus24
psf,requests,1336,60956068,closed,2013-08-15T07:59:47Z,,,Lukasa
psf,requests,1336,5275180423,locked,2021-09-08T23:10:56Z,,,github-actions[bot]
psf,requests,1335,51916588,closed,2013-06-08T09:57:00Z,,,Lukasa
psf,requests,1335,51916989,mentioned,2013-06-08T10:13:12Z,,,Lukasa
psf,requests,1335,51916990,subscribed,2013-06-08T10:13:12Z,,,Lukasa
psf,requests,1335,5275743701,locked,2021-09-09T03:00:27Z,,,github-actions[bot]
psf,requests,1324,46532207,mentioned,2013-04-25T03:20:04Z,,,kennethreitz
psf,requests,1324,46532208,subscribed,2013-04-25T03:20:04Z,,,kennethreitz
psf,requests,1324,46532209,mentioned,2013-04-25T03:20:04Z,,,gazpachoking
psf,requests,1324,46532210,subscribed,2013-04-25T03:20:04Z,,,gazpachoking
psf,requests,1324,46737141,mentioned,2013-04-26T10:57:12Z,,,gazpachoking
psf,requests,1324,46737142,subscribed,2013-04-26T10:57:12Z,,,gazpachoking
psf,requests,1324,46737183,closed,2013-04-26T10:57:36Z,,,sigmavirus24
psf,requests,1324,5275884969,locked,2021-09-09T04:00:33Z,,,github-actions[bot]
psf,requests,1261,42685281,mentioned,2013-03-23T01:21:55Z,,,geoff-kruss
psf,requests,1261,42685282,subscribed,2013-03-23T01:21:55Z,,,geoff-kruss
psf,requests,1261,42828424,mentioned,2013-03-25T14:53:08Z,,,mkomitee
psf,requests,1261,42828425,subscribed,2013-03-25T14:53:08Z,,,mkomitee
psf,requests,1261,43182322,closed,2013-03-27T18:31:37Z,,,sigmavirus24
psf,requests,1261,5275885497,locked,2021-09-09T04:00:46Z,,,github-actions[bot]
psf,requests,1189,37797773,mentioned,2013-02-14T00:11:57Z,,,sigmavirus24
psf,requests,1189,37797774,subscribed,2013-02-14T00:11:57Z,,,sigmavirus24
psf,requests,1189,37798052,assigned,2013-02-14T00:14:26Z,,,sigmavirus24
psf,requests,1189,37810523,mentioned,2013-02-14T03:15:22Z,,,Lukasa
psf,requests,1189,37810524,subscribed,2013-02-14T03:15:22Z,,,Lukasa
psf,requests,1189,38129574,assigned,2013-02-16T23:13:04Z,,,Lukasa
psf,requests,1189,38133360,mentioned,2013-02-17T01:17:07Z,,,gazpachoking
psf,requests,1189,38133361,subscribed,2013-02-17T01:17:07Z,,,gazpachoking
psf,requests,1189,38133364,closed,2013-02-17T01:17:07Z,,,Lukasa
psf,requests,1189,5276039927,locked,2021-09-09T05:00:39Z,,,github-actions[bot]
psf,requests,1124,35188254,mentioned,2013-01-22T16:15:47Z,,,Lukasa
psf,requests,1124,35188255,subscribed,2013-01-22T16:15:47Z,,,Lukasa
psf,requests,1124,35203034,mentioned,2013-01-22T18:00:39Z,,,maxcountryman
psf,requests,1124,35203035,subscribed,2013-01-22T18:00:39Z,,,maxcountryman
psf,requests,1124,35699716,mentioned,2013-01-26T17:51:56Z,,,Lukasa
psf,requests,1124,35699717,subscribed,2013-01-26T17:51:56Z,,,Lukasa
psf,requests,1124,37316688,mentioned,2013-02-09T23:14:27Z,,,nacht
psf,requests,1124,37316689,subscribed,2013-02-09T23:14:27Z,,,nacht
psf,requests,1124,37355417,closed,2013-02-10T22:37:55Z,,,kennethreitz
psf,requests,1124,5275300485,locked,2021-09-09T00:01:11Z,,,github-actions[bot]
psf,requests,1102,34408682,mentioned,2013-01-15T11:30:17Z,,,saschpe
psf,requests,1102,34408683,subscribed,2013-01-15T11:30:17Z,,,saschpe
psf,requests,1102,34677999,referenced,2013-01-17T09:51:58Z,5860c578437eab5541798e7756501b542cb9a112,https://api.github.com/repos/slingamn/requests/commits/5860c578437eab5541798e7756501b542cb9a112,slingamn
psf,requests,1102,34679106,referenced,2013-01-17T10:02:50Z,b66427eab95298a4a42d0801873b3d3e5d6c3b0f,https://api.github.com/repos/slingamn/requests/commits/b66427eab95298a4a42d0801873b3d3e5d6c3b0f,slingamn
psf,requests,1102,34683902,closed,2013-01-17T10:53:19Z,,,kennethreitz
psf,requests,1102,5276040320,locked,2021-09-09T05:00:48Z,,,github-actions[bot]
psf,requests,1096,34145698,referenced,2013-01-11T20:05:22Z,628e393b9a251c3d2b9910c697b9e4ac4f3d8d6a,https://api.github.com/repos/matthewlmcclure/requests/commits/628e393b9a251c3d2b9910c697b9e4ac4f3d8d6a,matthewlmcclure
psf,requests,1096,35164504,referenced,2013-01-22T13:11:15Z,3bf46609c88aac7e6b72baf407a32399106fc1a4,https://api.github.com/repos/psf/requests/commits/3bf46609c88aac7e6b72baf407a32399106fc1a4,kennethreitz
psf,requests,1096,37356227,closed,2013-02-10T22:55:13Z,,,kennethreitz
psf,requests,1096,5276039995,locked,2021-09-09T05:00:41Z,,,github-actions[bot]
psf,requests,1084,35392805,mentioned,2013-01-23T23:07:10Z,,,sigmavirus24
psf,requests,1084,35392806,subscribed,2013-01-23T23:07:10Z,,,sigmavirus24
psf,requests,1084,35392807,mentioned,2013-01-23T23:07:10Z,,,jaraco
psf,requests,1084,35392808,subscribed,2013-01-23T23:07:10Z,,,jaraco
psf,requests,1084,35489153,mentioned,2013-01-24T17:28:45Z,,,piotr-dobrogost
psf,requests,1084,35489154,subscribed,2013-01-24T17:28:45Z,,,piotr-dobrogost
psf,requests,1084,35699500,mentioned,2013-01-26T17:48:24Z,,,cbare
psf,requests,1084,35699501,subscribed,2013-01-26T17:48:24Z,,,cbare
psf,requests,1084,35699502,mentioned,2013-01-26T17:48:24Z,,,kennethreitz
psf,requests,1084,35699503,subscribed,2013-01-26T17:48:24Z,,,kennethreitz
psf,requests,1084,35707709,mentioned,2013-01-26T20:56:23Z,,,sigmavirus24
psf,requests,1084,35707710,subscribed,2013-01-26T20:56:23Z,,,sigmavirus24
psf,requests,1084,35707711,mentioned,2013-01-26T20:56:23Z,,,cbare
psf,requests,1084,35707712,subscribed,2013-01-26T20:56:23Z,,,cbare
psf,requests,1084,37476313,mentioned,2013-02-11T22:25:43Z,,,kennethreitz
psf,requests,1084,37476314,subscribed,2013-02-11T22:25:43Z,,,kennethreitz
psf,requests,1084,37702820,mentioned,2013-02-13T12:56:44Z,,,kennethreitz
psf,requests,1084,37702821,subscribed,2013-02-13T12:56:44Z,,,kennethreitz
psf,requests,1084,37728317,mentioned,2013-02-13T16:03:35Z,,,sigmavirus24
psf,requests,1084,37728318,subscribed,2013-02-13T16:03:35Z,,,sigmavirus24
psf,requests,1084,43243139,referenced,2013-03-28T03:31:50Z,88177ec33fa0846aea0ecb121ffbb041c5f09cdc,https://api.github.com/repos/sigmavirus24/requests/commits/88177ec33fa0846aea0ecb121ffbb041c5f09cdc,sigmavirus24
psf,requests,1084,43526454,closed,2013-03-31T05:21:52Z,88177ec33fa0846aea0ecb121ffbb041c5f09cdc,https://api.github.com/repos/psf/requests/commits/88177ec33fa0846aea0ecb121ffbb041c5f09cdc,sigmavirus24
psf,requests,1084,5275885342,locked,2021-09-09T04:00:42Z,,,github-actions[bot]
psf,requests,1029,32346336,mentioned,2012-12-18T02:44:00Z,,,gmr
psf,requests,1029,32346337,subscribed,2012-12-18T02:44:00Z,,,gmr
psf,requests,1029,32346725,closed,2012-12-18T02:51:40Z,,,gmr
psf,requests,1029,5276129074,locked,2021-09-09T05:30:06Z,,,github-actions[bot]
psf,requests,910,27835113,closed,2012-10-25T22:17:28Z,,,kennethreitz
psf,requests,910,27835116,reopened,2012-10-25T22:17:28Z,,,kennethreitz
psf,requests,910,27878110,mentioned,2012-10-26T13:03:04Z,,,alex-ethier
psf,requests,910,27878111,subscribed,2012-10-26T13:03:04Z,,,alex-ethier
psf,requests,910,27901933,mentioned,2012-10-26T17:31:54Z,,,sigmavirus24
psf,requests,910,27901934,subscribed,2012-10-26T17:31:54Z,,,sigmavirus24
psf,requests,910,27920422,mentioned,2012-10-26T21:11:59Z,,,kennethreitz
psf,requests,910,27920423,subscribed,2012-10-26T21:11:59Z,,,kennethreitz
psf,requests,910,27920480,mentioned,2012-10-26T21:12:47Z,,,sigmavirus24
psf,requests,910,27920481,subscribed,2012-10-26T21:12:47Z,,,sigmavirus24
psf,requests,910,30300503,mentioned,2012-11-24T11:35:35Z,,,idan
psf,requests,910,30300504,subscribed,2012-11-24T11:35:35Z,,,idan
psf,requests,910,30312523,mentioned,2012-11-24T20:29:57Z,,,idan
psf,requests,910,30312524,subscribed,2012-11-24T20:29:57Z,,,idan
psf,requests,910,30312549,mentioned,2012-11-24T20:30:56Z,,,idan
psf,requests,910,30312550,subscribed,2012-11-24T20:30:56Z,,,idan
psf,requests,910,30313728,referenced,2012-11-24T21:22:00Z,31f74bd02eb89592c1173a301c402132e171153f,https://api.github.com/repos/Lukasa/requests/commits/31f74bd02eb89592c1173a301c402132e171153f,Lukasa
psf,requests,910,37703493,mentioned,2013-02-13T13:02:58Z,,,frankslaughter
psf,requests,910,37703494,subscribed,2013-02-13T13:02:58Z,,,frankslaughter
psf,requests,910,37703495,mentioned,2013-02-13T13:02:58Z,,,alex-ethier
psf,requests,910,37703496,subscribed,2013-02-13T13:02:58Z,,,alex-ethier
psf,requests,910,38571818,mentioned,2013-02-20T17:27:03Z,,,idan
psf,requests,910,38571819,subscribed,2013-02-20T17:27:03Z,,,idan
psf,requests,910,38571820,mentioned,2013-02-20T17:27:03Z,,,Lukasa
psf,requests,910,38571822,subscribed,2013-02-20T17:27:03Z,,,Lukasa
psf,requests,910,38610862,mentioned,2013-02-20T21:50:44Z,,,daycoder
psf,requests,910,38610863,subscribed,2013-02-20T21:50:44Z,,,daycoder
psf,requests,910,38676423,mentioned,2013-02-21T10:52:05Z,,,Lukasa
psf,requests,910,38676424,subscribed,2013-02-21T10:52:05Z,,,Lukasa
psf,requests,910,43619809,closed,2013-04-01T18:40:16Z,,,sigmavirus24
psf,requests,910,5275885260,locked,2021-09-09T04:00:40Z,,,github-actions[bot]
psf,requests,875,30457075,mentioned,2012-11-27T01:04:51Z,,,Lukasa
psf,requests,875,30457076,subscribed,2012-11-27T01:04:51Z,,,Lukasa
psf,requests,875,30457077,mentioned,2012-11-27T01:04:51Z,,,shazow
psf,requests,875,30457078,subscribed,2012-11-27T01:04:51Z,,,shazow
psf,requests,875,30457079,mentioned,2012-11-27T01:04:51Z,,,kennethreitz
psf,requests,875,30457080,subscribed,2012-11-27T01:04:51Z,,,kennethreitz
psf,requests,875,30466680,mentioned,2012-11-27T04:18:07Z,,,vlaci
psf,requests,875,30466681,subscribed,2012-11-27T04:18:07Z,,,vlaci
psf,requests,875,30520792,mentioned,2012-11-27T16:44:59Z,,,vlaci
psf,requests,875,30520793,subscribed,2012-11-27T16:44:59Z,,,vlaci
psf,requests,875,30987132,closed,2012-12-03T10:09:18Z,,,Lukasa
psf,requests,875,5276128518,locked,2021-09-09T05:29:54Z,,,github-actions[bot]
psf,requests,862,29787145,closed,2012-11-17T11:04:27Z,,,Lukasa
psf,requests,862,5276131064,locked,2021-09-09T05:30:53Z,,,github-actions[bot]
psf,requests,851,25277131,mentioned,2012-09-24T14:41:50Z,,,shazow
psf,requests,851,25277132,subscribed,2012-09-24T14:41:50Z,,,shazow
psf,requests,851,25277139,closed,2012-09-24T14:41:50Z,,,kennethreitz
psf,requests,851,25277156,reopened,2012-09-24T14:41:53Z,,,kennethreitz
psf,requests,851,25284562,mentioned,2012-09-24T15:54:33Z,,,joeshaw
psf,requests,851,25284563,subscribed,2012-09-24T15:54:33Z,,,joeshaw
psf,requests,851,25286172,mentioned,2012-09-24T16:10:15Z,,,joequery
psf,requests,851,25286173,subscribed,2012-09-24T16:10:15Z,,,joequery
psf,requests,851,35086894,closed,2013-01-21T20:23:07Z,,,Lukasa
psf,requests,851,35092057,mentioned,2013-01-21T21:07:33Z,,,joequery
psf,requests,851,35092058,subscribed,2013-01-21T21:07:33Z,,,joequery
psf,requests,851,35092917,mentioned,2013-01-21T21:15:47Z,,,joequery
psf,requests,851,35092918,subscribed,2013-01-21T21:15:47Z,,,joequery
psf,requests,851,35093487,mentioned,2013-01-21T21:20:36Z,,,joeshaw
psf,requests,851,35093488,subscribed,2013-01-21T21:20:36Z,,,joeshaw
psf,requests,851,35093814,mentioned,2013-01-21T21:23:22Z,,,joequery
psf,requests,851,35093815,subscribed,2013-01-21T21:23:22Z,,,joequery
psf,requests,851,5276040445,locked,2021-09-09T05:00:51Z,,,github-actions[bot]
psf,requests,844,24139978,mentioned,2012-09-07T03:54:10Z,,,mponton
psf,requests,844,24139979,subscribed,2012-09-07T03:54:10Z,,,mponton
psf,requests,844,24139980,mentioned,2012-09-07T03:54:11Z,,,dbrgn
psf,requests,844,24139981,subscribed,2012-09-07T03:54:11Z,,,dbrgn
psf,requests,844,24139982,mentioned,2012-09-07T03:54:11Z,,,shazow
psf,requests,844,24139983,subscribed,2012-09-07T03:54:11Z,,,shazow
psf,requests,844,24145560,mentioned,2012-09-07T07:05:33Z,,,slingamn
psf,requests,844,24145561,subscribed,2012-09-07T07:05:33Z,,,slingamn
psf,requests,844,24174433,mentioned,2012-09-07T15:48:01Z,,,shazow
psf,requests,844,24174434,subscribed,2012-09-07T15:48:01Z,,,shazow
psf,requests,844,24208210,mentioned,2012-09-08T01:17:42Z,,,mponton
psf,requests,844,24208211,subscribed,2012-09-08T01:17:42Z,,,mponton
psf,requests,844,26157724,mentioned,2012-10-04T08:42:48Z,,,slingamn
psf,requests,844,26157725,subscribed,2012-10-04T08:42:48Z,,,slingamn
psf,requests,844,35086458,closed,2013-01-21T20:18:31Z,,,Lukasa
psf,requests,844,35283642,reopened,2013-01-23T08:24:29Z,,,Lukasa
psf,requests,844,35283718,mentioned,2013-01-23T08:25:02Z,,,slingamn
psf,requests,844,35283719,subscribed,2013-01-23T08:25:02Z,,,slingamn
psf,requests,844,37356280,mentioned,2013-02-10T22:56:32Z,,,slingamn
psf,requests,844,37356281,subscribed,2013-02-10T22:56:32Z,,,slingamn
psf,requests,844,37483704,mentioned,2013-02-11T23:22:17Z,,,mponton
psf,requests,844,37483705,subscribed,2013-02-11T23:22:17Z,,,mponton
psf,requests,844,37483706,mentioned,2013-02-11T23:22:17Z,,,shazow
psf,requests,844,37483707,subscribed,2013-02-11T23:22:17Z,,,shazow
psf,requests,844,37489626,mentioned,2013-02-12T00:18:00Z,,,brandon-rhodes
psf,requests,844,37489627,subscribed,2013-02-12T00:18:00Z,,,brandon-rhodes
psf,requests,844,37491310,mentioned,2013-02-12T00:33:17Z,,,shazow
psf,requests,844,37491311,subscribed,2013-02-12T00:33:17Z,,,shazow
psf,requests,844,37503471,mentioned,2013-02-12T03:15:04Z,,,slingamn
psf,requests,844,37503472,subscribed,2013-02-12T03:15:04Z,,,slingamn
psf,requests,844,37513396,mentioned,2013-02-12T06:28:24Z,,,brandon-rhodes
psf,requests,844,37513397,subscribed,2013-02-12T06:28:24Z,,,brandon-rhodes
psf,requests,844,37513398,mentioned,2013-02-12T06:28:24Z,,,slingamn
psf,requests,844,37513399,subscribed,2013-02-12T06:28:24Z,,,slingamn
psf,requests,844,37514296,mentioned,2013-02-12T06:44:35Z,,,mponton
psf,requests,844,37514297,subscribed,2013-02-12T06:44:35Z,,,mponton
psf,requests,844,37514431,mentioned,2013-02-12T06:48:28Z,,,mponton
psf,requests,844,37514432,subscribed,2013-02-12T06:48:28Z,,,mponton
psf,requests,844,37527256,mentioned,2013-02-12T09:51:27Z,,,brandon-rhodes
psf,requests,844,37527257,subscribed,2013-02-12T09:51:27Z,,,brandon-rhodes
psf,requests,844,37527258,mentioned,2013-02-12T09:51:27Z,,,mponton
psf,requests,844,37527259,subscribed,2013-02-12T09:51:27Z,,,mponton
psf,requests,844,37527607,mentioned,2013-02-12T09:54:29Z,,,kennethreitz
psf,requests,844,37527608,subscribed,2013-02-12T09:54:29Z,,,kennethreitz
psf,requests,844,37580795,mentioned,2013-02-12T17:14:23Z,,,brandon-rhodes
psf,requests,844,37580796,subscribed,2013-02-12T17:14:23Z,,,brandon-rhodes
psf,requests,844,37580797,mentioned,2013-02-12T17:14:23Z,,,slingamn
psf,requests,844,37580798,subscribed,2013-02-12T17:14:23Z,,,slingamn
psf,requests,844,37580799,mentioned,2013-02-12T17:14:23Z,,,shazow
psf,requests,844,37580800,subscribed,2013-02-12T17:14:23Z,,,shazow
psf,requests,844,37603217,mentioned,2013-02-12T19:39:12Z,,,shazow
psf,requests,844,37603218,subscribed,2013-02-12T19:39:12Z,,,shazow
psf,requests,844,37603219,mentioned,2013-02-12T19:39:12Z,,,slingamn
psf,requests,844,37603220,subscribed,2013-02-12T19:39:12Z,,,slingamn
psf,requests,844,37628185,mentioned,2013-02-12T22:21:38Z,,,kennethreitz
psf,requests,844,37628186,subscribed,2013-02-12T22:21:38Z,,,kennethreitz
psf,requests,844,45500822,mentioned,2013-04-17T07:26:43Z,,,Lukasa
psf,requests,844,45500824,subscribed,2013-04-17T07:26:43Z,,,Lukasa
psf,requests,844,45589270,mentioned,2013-04-17T18:41:38Z,,,akavlie
psf,requests,844,45589271,subscribed,2013-04-17T18:41:38Z,,,akavlie
psf,requests,844,45652441,mentioned,2013-04-18T04:49:04Z,,,Lukasa
psf,requests,844,45652442,subscribed,2013-04-18T04:49:04Z,,,Lukasa
psf,requests,844,45952796,mentioned,2013-04-20T06:07:26Z,,,Lukasa
psf,requests,844,45952797,subscribed,2013-04-20T06:07:26Z,,,Lukasa
psf,requests,844,220688490,labeled,2015-01-18T20:37:10Z,,,sigmavirus24
psf,requests,844,220849231,closed,2015-01-19T09:29:14Z,,,Lukasa
psf,requests,844,5275166539,locked,2021-09-08T23:06:04Z,,,github-actions[bot]
psf,requests,844,5275166545,locked,2021-09-08T23:06:04Z,,,github-actions[bot]
psf,requests,771,22484383,closed,2012-08-10T16:06:07Z,,,kennethreitz
psf,requests,771,22505872,reopened,2012-08-10T21:39:32Z,,,slingamn
psf,requests,771,22522534,mentioned,2012-08-11T14:21:54Z,,,slingamn
psf,requests,771,22522535,subscribed,2012-08-11T14:21:54Z,,,slingamn
psf,requests,771,24140272,mentioned,2012-09-07T04:03:29Z,,,eranrund
psf,requests,771,24140273,subscribed,2012-09-07T04:03:29Z,,,eranrund
psf,requests,771,24157386,mentioned,2012-09-07T11:18:39Z,,,eranrund
psf,requests,771,24157387,subscribed,2012-09-07T11:18:40Z,,,eranrund
psf,requests,771,24281479,mentioned,2012-09-10T12:10:34Z,,,slingamn
psf,requests,771,24281480,subscribed,2012-09-10T12:10:34Z,,,slingamn
psf,requests,771,25025638,mentioned,2012-09-20T08:35:08Z,,,shazow
psf,requests,771,25025639,subscribed,2012-09-20T08:35:08Z,,,shazow
psf,requests,771,26898689,mentioned,2012-10-15T07:30:02Z,,,eranrund
psf,requests,771,26898690,subscribed,2012-10-15T07:30:02Z,,,eranrund
psf,requests,771,27386399,mentioned,2012-10-20T01:14:23Z,,,slingamn
psf,requests,771,27386400,subscribed,2012-10-20T01:14:23Z,,,slingamn
psf,requests,771,27436216,mentioned,2012-10-21T23:10:29Z,,,eranrund
psf,requests,771,27436217,subscribed,2012-10-21T23:10:29Z,,,eranrund
psf,requests,771,29787411,closed,2012-11-17T11:17:01Z,,,Lukasa
psf,requests,771,5276131019,locked,2021-09-09T05:30:52Z,,,github-actions[bot]
psf,requests,747,21593022,subscribed,2012-07-30T20:18:22Z,,,nisavid
psf,requests,747,21614185,subscribed,2012-07-31T00:08:03Z,,,kennethreitz
psf,requests,747,21938835,subscribed,2012-08-02T21:27:41Z,,,eamonnscu
psf,requests,747,21938847,unsubscribed,2012-08-02T21:27:52Z,,,eamonnscu
psf,requests,747,21938869,subscribed,2012-08-02T21:28:05Z,,,eamonnscu
psf,requests,747,22052022,mentioned,2012-08-04T00:50:32Z,,,kennethreitz
psf,requests,747,22052023,subscribed,2012-08-04T00:50:32Z,,,volker48
psf,requests,747,22067554,closed,2012-08-04T15:39:39Z,,,kennethreitz
psf,requests,747,5276216102,locked,2021-09-09T06:00:56Z,,,github-actions[bot]
psf,requests,738,21111050,subscribed,2012-07-25T05:47:28Z,,,clee704
psf,requests,738,21137418,mentioned,2012-07-25T12:44:57Z,,,kennethreitz
psf,requests,738,21137419,subscribed,2012-07-25T12:44:57Z,,,kennethreitz
psf,requests,738,21137420,subscribed,2012-07-25T12:44:57Z,,,Lukasa
psf,requests,738,21335866,closed,2012-07-27T06:11:43Z,,,kennethreitz
psf,requests,738,26021789,mentioned,2012-10-02T21:06:21Z,,,kennethreitz
psf,requests,738,26021790,subscribed,2012-10-02T21:06:21Z,,,kennethreitz
psf,requests,738,5276131466,locked,2021-09-09T05:31:03Z,,,github-actions[bot]
psf,requests,697,18656858,subscribed,2012-06-26T18:31:32Z,,,terrycojones
psf,requests,697,18949044,subscribed,2012-06-29T11:01:23Z,,,Lukasa
psf,requests,697,22461132,mentioned,2012-08-10T09:29:17Z,,,terrycojones
psf,requests,697,22461133,subscribed,2012-08-10T09:29:17Z,,,terrycojones
psf,requests,697,22611604,closed,2012-08-13T21:14:51Z,,,Lukasa
psf,requests,697,5276215902,locked,2021-09-09T06:00:52Z,,,github-actions[bot]
psf,requests,649,16823366,subscribed,2012-06-03T00:59:23Z,,,cdunklau
psf,requests,649,16824892,subscribed,2012-06-03T02:46:51Z,,,joshimhoff
psf,requests,649,16927582,subscribed,2012-06-04T21:31:42Z,,,mwielgoszewski
psf,requests,649,17838394,subscribed,2012-06-15T18:32:37Z,,,kennethreitz
psf,requests,649,21335141,closed,2012-07-27T05:54:43Z,,,kennethreitz
psf,requests,649,46882971,referenced,2013-04-28T06:32:47Z,47f298925599846a2aa2a3e12b570a10057761fc,https://api.github.com/repos/cdunklau/requests/commits/47f298925599846a2aa2a3e12b570a10057761fc,cdunklau
psf,requests,649,46883082,referenced,2013-04-28T06:38:52Z,d677776a6b39f56d5857cde308525a1333412a50,https://api.github.com/repos/cdunklau/requests/commits/d677776a6b39f56d5857cde308525a1333412a50,cdunklau
psf,requests,649,47183452,referenced,2013-04-30T20:04:17Z,f7596c75dce4e87ab83bdf74e8f120a4b1a5ff03,https://api.github.com/repos/cdunklau/requests/commits/f7596c75dce4e87ab83bdf74e8f120a4b1a5ff03,cdunklau
psf,requests,649,5275744336,locked,2021-09-09T03:00:42Z,,,github-actions[bot]
psf,requests,639,16388176,subscribed,2012-05-28T11:28:42Z,,,piotr-dobrogost
psf,requests,639,16408456,subscribed,2012-05-28T17:36:27Z,,,joshimhoff
psf,requests,639,21882849,subscribed,2012-08-02T12:35:29Z,,,jassinm
psf,requests,639,21902062,mentioned,2012-08-02T15:34:46Z,,,piotr-dobrogost
psf,requests,639,32432429,closed,2012-12-18T20:15:20Z,,,kennethreitz
psf,requests,639,5276129037,locked,2021-09-09T05:30:06Z,,,github-actions[bot]
psf,requests,637,16343890,subscribed,2012-05-27T00:01:10Z,,,
psf,requests,637,16518337,subscribed,2012-05-30T00:08:46Z,,,kennethreitz
psf,requests,637,16916494,mentioned,2012-06-04T19:52:33Z,,,
psf,requests,637,16916495,subscribed,2012-06-04T19:52:33Z,,,mwielgoszewski
psf,requests,637,17838365,closed,2012-06-15T18:32:14Z,,,kennethreitz
psf,requests,637,5276735249,locked,2021-09-09T08:00:37Z,,,github-actions[bot]
psf,requests,627,15986267,subscribed,2012-05-22T13:57:29Z,,,vlcinsky
psf,requests,627,30441055,mentioned,2012-11-26T21:53:11Z,,,vlcinsky
psf,requests,627,30441056,subscribed,2012-11-26T21:53:11Z,,,vlcinsky
psf,requests,627,30442949,mentioned,2012-11-26T22:11:01Z,,,vlcinsky
psf,requests,627,30442950,subscribed,2012-11-26T22:11:01Z,,,vlcinsky
psf,requests,627,30442951,mentioned,2012-11-26T22:11:01Z,,,kennethreitz
psf,requests,627,30442952,subscribed,2012-11-26T22:11:01Z,,,kennethreitz
psf,requests,627,30442953,mentioned,2012-11-26T22:11:01Z,,,Lukasa
psf,requests,627,30442954,subscribed,2012-11-26T22:11:01Z,,,Lukasa
psf,requests,627,30442955,mentioned,2012-11-26T22:11:01Z,,,piotr-dobrogost
psf,requests,627,30442956,subscribed,2012-11-26T22:11:01Z,,,piotr-dobrogost
psf,requests,627,30444244,mentioned,2012-11-26T22:24:32Z,,,Lukasa
psf,requests,627,30444245,subscribed,2012-11-26T22:24:32Z,,,Lukasa
psf,requests,627,30446819,mentioned,2012-11-26T22:49:03Z,,,kennethreitz
psf,requests,627,30446820,subscribed,2012-11-26T22:49:03Z,,,kennethreitz
psf,requests,627,30449510,mentioned,2012-11-26T23:17:32Z,,,Lukasa
psf,requests,627,30449511,subscribed,2012-11-26T23:17:32Z,,,Lukasa
psf,requests,627,30449629,mentioned,2012-11-26T23:18:53Z,,,piotr-dobrogost
psf,requests,627,30449630,subscribed,2012-11-26T23:18:53Z,,,piotr-dobrogost
psf,requests,627,30450248,mentioned,2012-11-26T23:25:34Z,,,vlcinsky
psf,requests,627,30450249,subscribed,2012-11-26T23:25:34Z,,,vlcinsky
psf,requests,627,30451612,mentioned,2012-11-26T23:45:14Z,,,sigmavirus24
psf,requests,627,30451613,subscribed,2012-11-26T23:45:14Z,,,sigmavirus24
psf,requests,627,30451614,mentioned,2012-11-26T23:45:14Z,,,Lukasa
psf,requests,627,30451615,subscribed,2012-11-26T23:45:14Z,,,Lukasa
psf,requests,627,30451616,mentioned,2012-11-26T23:45:14Z,,,piotr-dobrogost
psf,requests,627,30451617,subscribed,2012-11-26T23:45:14Z,,,piotr-dobrogost
psf,requests,627,30482600,mentioned,2012-11-27T09:56:57Z,,,sigmavirus24
psf,requests,627,30482601,subscribed,2012-11-27T09:56:57Z,,,sigmavirus24
psf,requests,627,30482602,mentioned,2012-11-27T09:56:57Z,,,vlcinsky
psf,requests,627,30482603,subscribed,2012-11-27T09:56:57Z,,,vlcinsky
psf,requests,627,30492672,mentioned,2012-11-27T12:06:10Z,,,ALL
psf,requests,627,30492673,subscribed,2012-11-27T12:06:10Z,,,ALL
psf,requests,627,30504225,mentioned,2012-11-27T14:28:17Z,,,kennethreitz
psf,requests,627,30504226,subscribed,2012-11-27T14:28:17Z,,,kennethreitz
psf,requests,627,30505551,mentioned,2012-11-27T14:40:50Z,,,piotr-dobrogost
psf,requests,627,30505552,subscribed,2012-11-27T14:40:50Z,,,piotr-dobrogost
psf,requests,627,30505553,mentioned,2012-11-27T14:40:50Z,,,sigmavirus24
psf,requests,627,30505554,subscribed,2012-11-27T14:40:50Z,,,sigmavirus24
psf,requests,627,30505555,mentioned,2012-11-27T14:40:50Z,,,ALL
psf,requests,627,30505556,subscribed,2012-11-27T14:40:50Z,,,ALL
psf,requests,627,30506074,mentioned,2012-11-27T14:46:00Z,,,lukas
psf,requests,627,30506075,subscribed,2012-11-27T14:46:00Z,,,lukas
psf,requests,627,30506891,mentioned,2012-11-27T14:52:30Z,,,vlcinsky
psf,requests,627,30506892,subscribed,2012-11-27T14:52:30Z,,,vlcinsky
psf,requests,627,30518733,mentioned,2012-11-27T16:27:41Z,,,Lukasa
psf,requests,627,30518734,subscribed,2012-11-27T16:27:41Z,,,Lukasa
psf,requests,627,30534086,closed,2012-11-27T18:36:34Z,,,Lukasa
psf,requests,627,30545112,mentioned,2012-11-27T20:14:25Z,,,vlcinsky
psf,requests,627,30545113,subscribed,2012-11-27T20:14:25Z,,,vlcinsky
psf,requests,627,30545114,mentioned,2012-11-27T20:14:25Z,,,sigmavirus24
psf,requests,627,30545115,subscribed,2012-11-27T20:14:25Z,,,sigmavirus24
psf,requests,627,30568028,mentioned,2012-11-28T00:07:02Z,,,piotr-dobrogost
psf,requests,627,30568029,subscribed,2012-11-28T00:07:02Z,,,piotr-dobrogost
psf,requests,627,30599657,mentioned,2012-11-28T09:28:06Z,,,Lukasa
psf,requests,627,30599658,subscribed,2012-11-28T09:28:06Z,,,Lukasa
psf,requests,627,30626182,mentioned,2012-11-28T14:53:33Z,,,vlcinsky
psf,requests,627,30626183,subscribed,2012-11-28T14:53:33Z,,,vlcinsky
psf,requests,627,5276130683,locked,2021-09-09T05:30:44Z,,,github-actions[bot]
psf,requests,606,15290434,subscribed,2012-05-11T17:32:55Z,,,mvantellingen
psf,requests,606,15291013,subscribed,2012-05-11T17:39:20Z,,,stantonk
psf,requests,606,15291274,subscribed,2012-05-11T17:42:02Z,,,kennethreitz
psf,requests,606,15320404,subscribed,2012-05-12T02:58:09Z,,,davidfischer
psf,requests,606,17872668,subscribed,2012-06-16T11:15:23Z,,,laurentb
psf,requests,606,19627641,subscribed,2012-07-09T12:03:35Z,,,gregakespret
psf,requests,606,19873438,subscribed,2012-07-11T15:15:13Z,,,ryanmark
psf,requests,606,21335059,closed,2012-07-27T05:52:36Z,,,kennethreitz
psf,requests,606,21335191,reopened,2012-07-27T05:56:19Z,,,kennethreitz
psf,requests,606,21335840,closed,2012-07-27T06:10:49Z,,,kennethreitz
psf,requests,606,21337666,subscribed,2012-07-27T06:55:28Z,,,Carreau
psf,requests,606,23386687,mentioned,2012-08-26T16:15:52Z,,,von
psf,requests,606,23386688,subscribed,2012-08-26T16:15:52Z,,,von
psf,requests,606,23389797,mentioned,2012-08-26T19:20:57Z,,,davidfischer
psf,requests,606,23389798,subscribed,2012-08-26T19:20:57Z,,,davidfischer
psf,requests,606,23390152,mentioned,2012-08-26T19:40:49Z,,,davidfischer
psf,requests,606,23390153,subscribed,2012-08-26T19:40:49Z,,,davidfischer
psf,requests,606,23390366,mentioned,2012-08-26T19:49:35Z,,,von
psf,requests,606,23390367,subscribed,2012-08-26T19:49:35Z,,,von
psf,requests,606,1944822839,locked,2018-11-04T13:36:35Z,,,psf
psf,requests,605,15221781,subscribed,2012-05-10T21:41:00Z,,,piotr-dobrogost
psf,requests,605,15222111,subscribed,2012-05-10T21:44:38Z,,,slingamn
psf,requests,605,15229623,closed,2012-05-10T23:35:07Z,,,slingamn
psf,requests,605,5276735836,locked,2021-09-09T08:00:43Z,,,github-actions[bot]
psf,requests,602,15118158,subscribed,2012-05-09T19:55:44Z,,,umbrae
psf,requests,602,15133578,subscribed,2012-05-09T23:10:42Z,,,kennethreitz
psf,requests,602,15140320,subscribed,2012-05-10T01:22:26Z,,,slingamn
psf,requests,602,15207963,subscribed,2012-05-10T18:59:56Z,,,davidxia
psf,requests,602,21335933,closed,2012-07-27T06:14:15Z,,,kennethreitz
psf,requests,602,5276462393,locked,2021-09-09T07:05:20Z,,,github-actions[bot]
psf,requests,539,12908183,subscribed,2012-04-06T15:04:40Z,,,dbrgn
psf,requests,539,12923784,subscribed,2012-04-06T19:22:35Z,,,kennethreitz
psf,requests,539,13129881,subscribed,2012-04-10T22:24:13Z,,,mponton
psf,requests,539,13130881,mentioned,2012-04-10T22:39:30Z,,,mponton
psf,requests,539,13140720,referenced,2012-04-11T02:00:26Z,365c64fe3bd074ad942ae720813693e8d8cf68d3,https://api.github.com/repos/psf/requests/commits/365c64fe3bd074ad942ae720813693e8d8cf68d3,kennethreitz
psf,requests,539,14420636,subscribed,2012-04-30T08:24:47Z,,,jaimeirurzun
psf,requests,539,14833586,subscribed,2012-05-05T16:51:45Z,,,piotr-dobrogost
psf,requests,539,14865772,mentioned,2012-05-06T19:56:31Z,,,mponton
psf,requests,539,14871390,mentioned,2012-05-07T00:19:21Z,,,kennethreitz
psf,requests,539,14871391,mentioned,2012-05-07T00:19:21Z,,,piotr-dobrogost
psf,requests,539,14871392,mentioned,2012-05-07T00:19:21Z,,,dbrgn
psf,requests,539,14963641,closed,2012-05-08T05:09:24Z,,,kennethreitz
psf,requests,539,14964872,mentioned,2012-05-08T05:53:22Z,,,mponton
psf,requests,539,14964875,subscribed,2012-05-08T05:53:22Z,,,slingamn
psf,requests,539,5276736032,locked,2021-09-09T08:00:46Z,,,github-actions[bot]
psf,requests,537,12882103,subscribed,2012-04-06T01:50:52Z,,,spulec
psf,requests,537,12882175,referenced,2012-04-06T01:53:42Z,ec742177dea71f23f21c1b6a56842ba0a23fc30f,https://api.github.com/repos/spulec/requests/commits/ec742177dea71f23f21c1b6a56842ba0a23fc30f,spulec
psf,requests,537,12884602,subscribed,2012-04-06T03:27:32Z,,,kennethreitz
psf,requests,537,14666640,subscribed,2012-05-03T08:14:58Z,,,slingamn
psf,requests,537,14667639,referenced,2012-05-03T08:36:13Z,317f64a11f56d89119baf5db3af65c0343464bc1,https://api.github.com/repos/psf/requests/commits/317f64a11f56d89119baf5db3af65c0343464bc1,kennethreitz
psf,requests,537,14741206,closed,2012-05-04T01:49:58Z,,,slingamn
psf,requests,537,5277068927,locked,2021-09-09T09:00:32Z,,,github-actions[bot]
psf,requests,520,12330145,subscribed,2012-03-29T07:19:00Z,,,Bluehorn
psf,requests,520,12398039,subscribed,2012-03-29T21:08:24Z,,,piotr-dobrogost
psf,requests,520,12490762,mentioned,2012-03-31T05:31:36Z,,,shazow
psf,requests,520,12490763,subscribed,2012-03-31T05:31:36Z,,,shazow
psf,requests,520,12490765,subscribed,2012-03-31T05:31:36Z,,,kennethreitz
psf,requests,520,12501109,mentioned,2012-03-31T16:26:32Z,,,Bluehorn
psf,requests,520,14099726,subscribed,2012-04-25T01:45:38Z,,,gsakkis
psf,requests,520,14809740,mentioned,2012-05-04T22:08:03Z,,,Bluehorn
psf,requests,520,14809742,subscribed,2012-05-04T22:08:03Z,,,slingamn
psf,requests,520,14851322,mentioned,2012-05-06T10:09:20Z,,,Bluehorn
psf,requests,520,14851323,mentioned,2012-05-06T10:09:20Z,,,gsakkis
psf,requests,520,14853794,subscribed,2012-05-06T12:48:54Z,,,laurentb
psf,requests,520,14864454,mentioned,2012-05-06T19:08:15Z,,,shazow
psf,requests,520,14864991,mentioned,2012-05-06T19:29:56Z,,,kennethreitz
psf,requests,520,14865684,mentioned,2012-05-06T19:51:44Z,,,piotr-dobrogost
psf,requests,520,14866973,mentioned,2012-05-06T20:44:25Z,,,craigholm
psf,requests,520,14866974,subscribed,2012-05-06T20:44:25Z,,,craigholm
psf,requests,520,14867013,mentioned,2012-05-06T20:45:16Z,,,slingamn
psf,requests,520,14868536,mentioned,2012-05-06T21:50:09Z,,,piotr-dobrogost
psf,requests,520,14869071,mentioned,2012-05-06T22:16:55Z,,,laurentb
psf,requests,520,14869072,mentioned,2012-05-06T22:16:55Z,,,gsakkis
psf,requests,520,14935744,mentioned,2012-05-07T20:09:55Z,,,Bluehorn
psf,requests,520,15105348,subscribed,2012-05-09T17:35:27Z,,,reclosedev
psf,requests,520,15553502,referenced,2012-05-15T23:42:16Z,9fc875e0afb8189188d04b0a68e16ef5494dd79a,https://api.github.com/repos/slingamn/requests/commits/9fc875e0afb8189188d04b0a68e16ef5494dd79a,slingamn
psf,requests,520,22114820,referenced,2012-08-06T04:02:31Z,0caaf682b74f3b38b881733f97aa5162fca82b31,https://api.github.com/repos/slingamn/requests/commits/0caaf682b74f3b38b881733f97aa5162fca82b31,slingamn
psf,requests,520,22115269,referenced,2012-08-06T04:18:49Z,3c0b94047c1ccfca4ac4f2fe32afef0ae314094e,https://api.github.com/repos/slingamn/requests/commits/3c0b94047c1ccfca4ac4f2fe32afef0ae314094e,slingamn
psf,requests,520,22115846,referenced,2012-08-06T04:38:13Z,b13c24d7b9090855d5cf081c47b966bbce34fc48,https://api.github.com/repos/psf/requests/commits/b13c24d7b9090855d5cf081c47b966bbce34fc48,kennethreitz
psf,requests,520,22115854,closed,2012-08-06T04:38:28Z,,,kennethreitz
psf,requests,520,70279248,mentioned,2013-10-15T00:52:20Z,,,Lukasa
psf,requests,520,70279249,subscribed,2013-10-15T00:52:20Z,,,Lukasa
psf,requests,520,96378197,mentioned,2014-02-24T21:21:47Z,,,mouadino
psf,requests,520,96378198,subscribed,2014-02-24T21:21:47Z,,,mouadino
psf,requests,520,96385417,mentioned,2014-02-24T21:40:56Z,,,Lukasa
psf,requests,520,96385418,subscribed,2014-02-24T21:40:56Z,,,Lukasa
psf,requests,520,5250597313,locked,2021-09-03T00:10:52Z,,,github-actions[bot]
psf,requests,500,11685556,subscribed,2012-03-20T05:07:44Z,,,prior
psf,requests,500,14754431,subscribed,2012-05-04T09:03:05Z,,,slingamn
psf,requests,500,14864603,subscribed,2012-05-06T19:13:41Z,,,piotr-dobrogost
psf,requests,500,14880118,mentioned,2012-05-07T06:48:37Z,,,piotr-dobrogost
psf,requests,500,15223904,subscribed,2012-05-10T22:05:40Z,,,kennethreitz
psf,requests,500,15223906,closed,2012-05-10T22:05:42Z,,,kennethreitz
psf,requests,500,5276735946,locked,2021-09-09T08:00:45Z,,,github-actions[bot]
psf,requests,498,11603628,subscribed,2012-03-19T02:03:45Z,,,kennethreitz
psf,requests,498,11603759,mentioned,2012-03-19T02:08:20Z,,,singingwolfboy
psf,requests,498,11603760,subscribed,2012-03-19T02:08:20Z,,,singingwolfboy
psf,requests,498,11603761,subscribed,2012-03-19T02:08:21Z,,,shazow
psf,requests,498,11629983,mentioned,2012-03-19T14:10:32Z,,,kennethreitz
psf,requests,498,12487872,mentioned,2012-03-31T03:00:36Z,,,shazow
psf,requests,498,12487873,subscribed,2012-03-31T03:00:36Z,,,rdixit
psf,requests,498,12488119,mentioned,2012-03-31T03:13:48Z,,,shazow
psf,requests,498,12488138,referenced,2012-03-31T03:15:48Z,fff5269d1a9eb3c07acbbb0d995b689d674123c8,https://api.github.com/repos/psf/requests/commits/fff5269d1a9eb3c07acbbb0d995b689d674123c8,kennethreitz
psf,requests,498,12488144,mentioned,2012-03-31T03:16:17Z,,,rdixit
psf,requests,498,12491873,referenced,2012-03-31T07:08:24Z,171b370b0e3bbc0288fb0e4addcef16bf670e324,https://api.github.com/repos/psf/requests/commits/171b370b0e3bbc0288fb0e4addcef16bf670e324,kennethreitz
psf,requests,498,12492065,mentioned,2012-03-31T07:22:29Z,,,shazow
psf,requests,498,12492086,mentioned,2012-03-31T07:23:09Z,,,shazow
psf,requests,498,12508867,referenced,2012-03-31T21:39:32Z,2bae0d295ba4d28392caf1aa4b8f95d54692db34,https://api.github.com/repos/psf/requests/commits/2bae0d295ba4d28392caf1aa4b8f95d54692db34,kennethreitz
psf,requests,498,12508878,mentioned,2012-03-31T21:39:56Z,,,rdixit
psf,requests,498,12508898,mentioned,2012-03-31T21:41:01Z,,,rdixit
psf,requests,498,12508924,mentioned,2012-03-31T21:41:52Z,,,shazow
psf,requests,498,12510770,subscribed,2012-03-31T23:08:05Z,,,Osmose
psf,requests,498,13043076,subscribed,2012-04-09T21:46:53Z,,,mgasner
psf,requests,498,14284683,subscribed,2012-04-27T04:33:21Z,,,slingamn
psf,requests,498,14293165,mentioned,2012-04-27T08:13:05Z,,,rdixit
psf,requests,498,14293166,subscribed,2012-04-27T08:13:05Z,,,BYK
psf,requests,498,14293178,mentioned,2012-04-27T08:13:16Z,,,rdixit
psf,requests,498,14293200,mentioned,2012-04-27T08:13:31Z,,,rdixit
psf,requests,498,14293203,mentioned,2012-04-27T08:13:33Z,,,rdixit
psf,requests,498,14293204,mentioned,2012-04-27T08:13:33Z,,,rdixit
psf,requests,498,14293207,mentioned,2012-04-27T08:13:34Z,,,rdixit
psf,requests,498,14293258,mentioned,2012-04-27T08:14:12Z,,,rdixit
psf,requests,498,14293259,mentioned,2012-04-27T08:14:13Z,,,rdixit
psf,requests,498,14293260,mentioned,2012-04-27T08:14:13Z,,,rdixit
psf,requests,498,14293261,mentioned,2012-04-27T08:14:13Z,,,rdixit
psf,requests,498,14293265,mentioned,2012-04-27T08:14:21Z,,,rdixit
psf,requests,498,14293269,mentioned,2012-04-27T08:14:23Z,,,rdixit
psf,requests,498,14293270,mentioned,2012-04-27T08:14:23Z,,,rdixit
psf,requests,498,14293271,mentioned,2012-04-27T08:14:23Z,,,rdixit
psf,requests,498,20143078,subscribed,2012-07-13T18:57:14Z,,,akavlie
psf,requests,498,21334282,closed,2012-07-27T05:29:28Z,,,kennethreitz
psf,requests,498,1101118445,labeled,2017-05-29T14:46:05Z,,,sigmavirus24
psf,requests,498,5270785350,locked,2021-09-08T09:00:49Z,,,github-actions[bot]
psf,requests,496,11601242,subscribed,2012-03-19T00:21:18Z,,,spulec
psf,requests,496,11603472,subscribed,2012-03-19T01:57:30Z,,,kennethreitz
psf,requests,496,11603727,referenced,2012-03-19T02:06:43Z,3c2f52d6813f181fc53b01f67ca25ef1fae0f321,https://api.github.com/repos/spulec/requests/commits/3c2f52d6813f181fc53b01f67ca25ef1fae0f321,spulec
psf,requests,496,12881950,closed,2012-04-06T01:45:25Z,,,spulec
psf,requests,496,12957175,referenced,2012-04-07T17:49:22Z,bbc9c4b01c422f838d7a44a46566721991b85fd4,https://api.github.com/repos/maxcountryman/requests/commits/bbc9c4b01c422f838d7a44a46566721991b85fd4,maxcountryman
psf,requests,496,12957176,subscribed,2012-04-07T17:49:22Z,,,maxcountryman
psf,requests,496,5277069617,locked,2021-09-09T09:00:38Z,,,github-actions[bot]
psf,requests,458,10258874,subscribed,2012-02-26T23:17:29Z,,,craigholm
psf,requests,458,10951495,subscribed,2012-03-08T01:21:28Z,,,kennethreitz
psf,requests,458,12330662,mentioned,2012-03-29T07:35:27Z,,,kennethreitz
psf,requests,458,12330663,subscribed,2012-03-29T07:35:27Z,,,yuvadm
psf,requests,458,12490753,mentioned,2012-03-31T05:31:01Z,,,yuvadm
psf,requests,458,12494985,mentioned,2012-03-31T10:44:55Z,,,kennethreitz
psf,requests,458,14745121,referenced,2012-05-04T04:18:20Z,3d4d5ab0df6a0295599a49927de57fd039650358,https://api.github.com/repos/slingamn/requests/commits/3d4d5ab0df6a0295599a49927de57fd039650358,slingamn
psf,requests,458,14745122,subscribed,2012-05-04T04:18:21Z,,,slingamn
psf,requests,458,14745123,referenced,2012-05-04T04:18:21Z,35ec6bb613669dbbbba2afcc7aac4e467a5b4db8,https://api.github.com/repos/slingamn/requests/commits/35ec6bb613669dbbbba2afcc7aac4e467a5b4db8,slingamn
psf,requests,458,14745462,referenced,2012-05-04T04:33:43Z,1adaba3865326ca0934eb2159d1ddb92be25a233,https://api.github.com/repos/psf/requests/commits/1adaba3865326ca0934eb2159d1ddb92be25a233,kennethreitz
psf,requests,458,15125958,subscribed,2012-05-09T21:22:23Z,,,sigmavirus24
psf,requests,458,17839075,closed,2012-06-15T18:41:19Z,,,kennethreitz
psf,requests,458,5275385429,locked,2021-09-09T00:34:26Z,,,github-actions[bot]
psf,requests,424,9479913,subscribed,2012-02-13T21:27:39Z,,,foxx
psf,requests,424,14741315,mentioned,2012-05-04T01:54:22Z,,,foxx
psf,requests,424,14741316,subscribed,2012-05-04T01:54:22Z,,,slingamn
psf,requests,424,21335389,closed,2012-07-27T06:00:53Z,,,kennethreitz
psf,requests,424,21335390,subscribed,2012-07-27T06:00:53Z,,,kennethreitz
psf,requests,424,5275299990,locked,2021-09-09T00:01:00Z,,,github-actions[bot]
psf,requests,353,7746966,subscribed,2012-01-11T11:06:54Z,,,ksamuel
psf,requests,353,7747061,subscribed,2012-01-11T11:09:27Z,,,kennethreitz
psf,requests,353,21335594,closed,2012-07-27T06:05:18Z,,,kennethreitz
psf,requests,353,5276462734,locked,2021-09-09T07:05:23Z,,,github-actions[bot]
psf,requests,339,7527256,subscribed,2012-01-06T05:18:41Z,,,samuelclay
psf,requests,339,8215457,subscribed,2012-01-20T15:29:53Z,,,gazpachoking
psf,requests,339,13302362,closed,2012-04-12T22:53:39Z,,,samuelclay
psf,requests,339,5277069527,locked,2021-09-09T09:00:37Z,,,github-actions[bot]
psf,requests,338,7527084,subscribed,2012-01-06T05:07:45Z,,,samuelclay
psf,requests,338,7536294,subscribed,2012-01-06T11:57:50Z,,,piotr-dobrogost
psf,requests,338,7835256,subscribed,2012-01-12T21:00:47Z,,,kennethreitz
psf,requests,338,10205905,subscribed,2012-02-25T00:19:10Z,,,dmishe
psf,requests,338,11104988,referenced,2012-03-09T21:36:50Z,db071630a381c339c332bb5ca5d7198412232962,https://api.github.com/repos/maxcountryman/requests/commits/db071630a381c339c332bb5ca5d7198412232962,maxcountryman
psf,requests,338,11104989,subscribed,2012-03-09T21:36:50Z,,,maxcountryman
psf,requests,338,11105318,referenced,2012-03-09T21:42:21Z,2c3eb0d2993592dc03c81765ca2260396248bd17,https://api.github.com/repos/maxcountryman/requests/commits/2c3eb0d2993592dc03c81765ca2260396248bd17,maxcountryman
psf,requests,338,11108271,referenced,2012-03-09T22:30:42Z,bc5cc0dc92ae0b6edc356c90637a0d64e1d5042b,https://api.github.com/repos/maxcountryman/requests/commits/bc5cc0dc92ae0b6edc356c90637a0d64e1d5042b,maxcountryman
psf,requests,338,11487827,closed,2012-03-16T01:15:28Z,9cf9d76eb5af142f983efb776776b0888febc978,https://api.github.com/repos/psf/requests/commits/9cf9d76eb5af142f983efb776776b0888febc978,kennethreitz
psf,requests,338,12957170,referenced,2012-04-07T17:49:21Z,6b47c185fef3fa8264b6f193dbe3806dcfb3f5fc,https://api.github.com/repos/maxcountryman/requests/commits/6b47c185fef3fa8264b6f193dbe3806dcfb3f5fc,maxcountryman
psf,requests,338,5277070118,locked,2021-09-09T09:00:43Z,,,github-actions[bot]
psf,requests,337,7527063,subscribed,2012-01-06T05:06:43Z,,,samuelclay
psf,requests,337,7811333,subscribed,2012-01-12T13:46:54Z,,,uhbif19
psf,requests,337,8397128,subscribed,2012-01-24T18:26:11Z,,,dakshinamurthy
psf,requests,337,21348559,subscribed,2012-07-27T09:48:42Z,,,Lukasa
psf,requests,337,23367642,mentioned,2012-08-25T15:09:11Z,,,samuelclay
psf,requests,337,23367643,subscribed,2012-08-25T15:09:11Z,,,samuelclay
psf,requests,337,23367645,closed,2012-08-25T15:09:13Z,,,kennethreitz
psf,requests,337,5229261719,locked,2021-08-31T00:06:55Z,,,github-actions[bot]
psf,requests,335,7526452,subscribed,2012-01-06T04:30:34Z,,,samuelclay
psf,requests,335,7526472,subscribed,2012-01-06T04:31:36Z,,,kennethreitz
psf,requests,335,7907891,subscribed,2012-01-14T11:24:23Z,,,firesofmay
psf,requests,335,9390106,subscribed,2012-02-11T22:35:38Z,,,Lukasa
psf,requests,335,9398327,subscribed,2012-02-12T09:47:12Z,,,mattklein
psf,requests,335,9489761,referenced,2012-02-14T00:14:41Z,5a2a78f7df15a216c2852167ee780d9084b9e064,https://api.github.com/repos/psf/requests/commits/5a2a78f7df15a216c2852167ee780d9084b9e064,kennethreitz
psf,requests,335,9700066,subscribed,2012-02-16T22:26:04Z,,,umbrae
psf,requests,335,10115164,subscribed,2012-02-23T18:59:28Z,,,dalanmiller
psf,requests,335,10121309,mentioned,2012-02-23T20:21:55Z,,,dalanmiller
psf,requests,335,10121310,subscribed,2012-02-23T20:21:55Z,,,piotr-dobrogost
psf,requests,335,10121736,mentioned,2012-02-23T20:28:14Z,,,piotr-dobrogost
psf,requests,335,10124061,mentioned,2012-02-23T21:02:23Z,,,piotr-dobrogost
psf,requests,335,10124665,mentioned,2012-02-23T21:11:03Z,,,dalanmiller
psf,requests,335,10125179,mentioned,2012-02-23T21:18:54Z,,,Lukasa
psf,requests,335,10125612,mentioned,2012-02-23T21:24:33Z,,,umbrae
psf,requests,335,10125613,mentioned,2012-02-23T21:24:33Z,,,dalanmiller
psf,requests,335,10126020,mentioned,2012-02-23T21:29:47Z,,,Lukasa
psf,requests,335,11086301,closed,2012-03-09T16:58:39Z,,,kennethreitz
psf,requests,335,5277070234,locked,2021-09-09T09:00:44Z,,,github-actions[bot]
psf,requests,296,6020151,subscribed,2011-11-29T14:20:07Z,,,davidwtbuxton
psf,requests,296,6020698,subscribed,2011-11-29T14:32:31Z,,,kennethreitz
psf,requests,296,7060488,subscribed,2011-12-22T00:57:49Z,,,dalanmiller
psf,requests,296,8297004,closed,2012-01-23T08:06:14Z,,,kennethreitz
psf,requests,296,5277415459,locked,2021-09-09T10:00:42Z,,,github-actions[bot]
psf,requests,293,5955927,subscribed,2011-11-28T17:25:20Z,,,steinster
psf,requests,293,6020911,mentioned,2011-11-29T14:37:57Z,,,shazow
psf,requests,293,6020912,subscribed,2011-11-29T14:37:57Z,,,shazow
psf,requests,293,6020913,subscribed,2011-11-29T14:37:57Z,,,kennethreitz
psf,requests,293,12491988,closed,2012-03-31T07:16:31Z,,,kennethreitz
psf,requests,293,5277069804,locked,2021-09-09T09:00:40Z,,,github-actions[bot]
psf,requests,291,5914771,subscribed,2011-11-27T16:16:40Z,,,mrtazz
psf,requests,291,5914795,assigned,2011-11-27T16:17:54Z,,,kennethreitz
psf,requests,291,5914796,subscribed,2011-11-27T16:17:54Z,,,kennethreitz
psf,requests,291,5914997,referenced,2011-11-27T16:25:07Z,6bb4c4ebe628ad1fbb54c673ee4e409ed7376b2e,https://api.github.com/repos/psf/requests/commits/6bb4c4ebe628ad1fbb54c673ee4e409ed7376b2e,kennethreitz
psf,requests,291,5915115,closed,2011-11-27T16:29:58Z,c7b99f78192bdff62fad4f92039396c0dfbe4fb8,https://api.github.com/repos/psf/requests/commits/c7b99f78192bdff62fad4f92039396c0dfbe4fb8,kennethreitz
psf,requests,291,5277416317,locked,2021-09-09T10:00:50Z,,,github-actions[bot]
psf,requests,286,5801089,subscribed,2011-11-23T17:47:01Z,,,benmao
psf,requests,286,5810979,subscribed,2011-11-23T21:25:30Z,,,piotr-dobrogost
psf,requests,286,5851377,mentioned,2011-11-24T20:53:49Z,,,kenneth
psf,requests,286,5851378,subscribed,2011-11-24T20:53:49Z,,,kenneth
psf,requests,286,6833200,subscribed,2011-12-16T12:59:25Z,,,muzuiget
psf,requests,286,7288510,subscribed,2011-12-30T08:41:16Z,,,abenea
psf,requests,286,7830454,subscribed,2012-01-12T19:32:59Z,,,greatestape
psf,requests,286,8656670,closed,2012-01-30T06:15:36Z,,,benmao
psf,requests,286,5277415270,locked,2021-09-09T10:00:40Z,,,github-actions[bot]
psf,requests,239,5068841,subscribed,2011-11-05T12:37:30Z,,,daleharvey
psf,requests,239,5070153,subscribed,2011-11-05T14:27:04Z,,,kennethreitz
psf,requests,239,5070984,subscribed,2011-11-05T15:17:34Z,,,n1m3
psf,requests,239,5070985,unsubscribed,2011-11-05T15:17:38Z,,,n1m3
psf,requests,239,5070986,subscribed,2011-11-05T15:17:39Z,,,n1m3
psf,requests,239,5900897,unsubscribed,2011-11-26T20:55:32Z,,,n1m3
psf,requests,239,6670607,subscribed,2011-12-13T17:09:57Z,,,mike-plivo
psf,requests,239,7060051,subscribed,2011-12-22T00:41:48Z,,,juanriaza
psf,requests,239,7103678,mentioned,2011-12-22T21:52:21Z,,,mike-plivo
psf,requests,239,8047753,subscribed,2012-01-17T20:16:23Z,,,acdha
psf,requests,239,8641782,subscribed,2012-01-29T18:55:21Z,,,bevenky
psf,requests,239,8645677,closed,2012-01-29T21:44:14Z,,,kennethreitz
psf,requests,239,8645678,reopened,2012-01-29T21:44:16Z,,,kennethreitz
psf,requests,239,8647491,referenced,2012-01-29T23:00:39Z,4516bd45b23dccf819e1d3d564415276ccbe7b07,https://api.github.com/repos/psf/requests/commits/4516bd45b23dccf819e1d3d564415276ccbe7b07,kennethreitz
psf,requests,239,14284497,subscribed,2012-04-27T04:26:24Z,,,bborowin
psf,requests,239,14410979,subscribed,2012-04-30T01:41:19Z,,,Cabalist
psf,requests,239,14463748,subscribed,2012-04-30T19:20:57Z,,,dalanmiller
psf,requests,239,14469045,mentioned,2012-04-30T20:32:11Z,,,acdha
psf,requests,239,14469858,mentioned,2012-04-30T20:43:11Z,,,dalanmiller
psf,requests,239,14478129,mentioned,2012-04-30T22:29:34Z,,,acdha
psf,requests,239,17136404,subscribed,2012-06-07T02:34:10Z,,,dmishe
psf,requests,239,17182804,subscribed,2012-06-07T16:12:22Z,,,piotr-dobrogost
psf,requests,239,17810147,subscribed,2012-06-15T13:54:47Z,,,danfairs
psf,requests,239,19196514,mentioned,2012-07-03T09:18:10Z,,,acdha
psf,requests,239,19196515,subscribed,2012-07-03T09:18:10Z,,,lmillefiori
psf,requests,239,21335700,closed,2012-07-27T06:07:41Z,,,kennethreitz
psf,requests,239,25186465,mentioned,2012-09-22T10:43:29Z,,,kennethreitz
psf,requests,239,25186466,subscribed,2012-09-22T10:43:29Z,,,kennethreitz
psf,requests,239,30657834,mentioned,2012-11-28T19:37:42Z,,,silvexis
psf,requests,239,30657835,subscribed,2012-11-28T19:37:42Z,,,silvexis
psf,requests,239,30657836,mentioned,2012-11-28T19:37:42Z,,,piotr-dobrogost
psf,requests,239,30657837,subscribed,2012-11-28T19:37:42Z,,,piotr-dobrogost
psf,requests,239,60304514,mentioned,2013-08-10T13:59:03Z,,,Lukasa
psf,requests,239,60304515,subscribed,2013-08-10T13:59:04Z,,,Lukasa
psf,requests,239,78822781,mentioned,2013-11-29T16:33:20Z,,,tardyp
psf,requests,239,78822782,subscribed,2013-11-29T16:33:20Z,,,tardyp
psf,requests,239,78823060,mentioned,2013-11-29T16:35:17Z,,,tardyp
psf,requests,239,78823061,subscribed,2013-11-29T16:35:17Z,,,tardyp
psf,requests,239,78825411,mentioned,2013-11-29T16:53:04Z,,,tardyp
psf,requests,239,78825412,subscribed,2013-11-29T16:53:04Z,,,tardyp
psf,requests,239,79651138,referenced,2013-12-04T18:56:11Z,f10f525669742ce898db57ab5578e0c53bf944fa,https://api.github.com/repos/sigmavirus24/urllib3/commits/f10f525669742ce898db57ab5578e0c53bf944fa,sigmavirus24
psf,requests,239,198477636,mentioned,2014-11-25T19:12:35Z,,,polvoazul
psf,requests,239,198477637,subscribed,2014-11-25T19:12:35Z,,,polvoazul
psf,requests,239,523843949,mentioned,2016-01-23T10:21:51Z,,,Lukasa
psf,requests,239,523843950,subscribed,2016-01-23T10:21:51Z,,,Lukasa
psf,requests,239,523879168,mentioned,2016-01-23T12:49:44Z,,,mygoda
psf,requests,239,523879169,subscribed,2016-01-23T12:49:44Z,,,mygoda
psf,requests,239,523883839,mentioned,2016-01-23T13:10:58Z,,,Lukasa
psf,requests,239,523883840,subscribed,2016-01-23T13:10:58Z,,,Lukasa
psf,requests,239,592834861,mentioned,2016-03-17T03:04:01Z,,,mygoda
psf,requests,239,592834862,subscribed,2016-03-17T03:04:01Z,,,mygoda
psf,requests,239,593129230,mentioned,2016-03-17T09:27:42Z,,,1a1a11a
psf,requests,239,593129231,subscribed,2016-03-17T09:27:42Z,,,1a1a11a
psf,requests,239,593408744,mentioned,2016-03-17T13:32:42Z,,,1a1a11a
psf,requests,239,593408745,subscribed,2016-03-17T13:32:42Z,,,1a1a11a
psf,requests,239,1777905519,mentioned,2018-08-08T14:28:45Z,,,mcobzarenco
psf,requests,239,1777905520,subscribed,2018-08-08T14:28:45Z,,,mcobzarenco
psf,requests,239,3040746727,referenced,2020-02-15T08:04:01Z,78be3a89719a3f1f549ac33179912b989292a608,https://api.github.com/repos/bs3vcenk/Netrix/commits/78be3a89719a3f1f549ac33179912b989292a608,bs3vcenk
psf,requests,239,3040747162,referenced,2020-02-15T08:05:02Z,ca678cabd9f18a6df7e41ac99056670e35d6f12a,https://api.github.com/repos/bs3vcenk/Netrix/commits/ca678cabd9f18a6df7e41ac99056670e35d6f12a,bs3vcenk
psf,requests,239,5268879574,locked,2021-09-08T01:21:03Z,,,github-actions[bot]
psf,requests,223,4601725,subscribed,2011-10-24T16:21:43Z,,,foxx
psf,requests,223,5342739,subscribed,2011-11-13T00:11:31Z,,,kennethreitz
psf,requests,223,5342741,closed,2011-11-13T00:11:35Z,,,kennethreitz
psf,requests,223,6018287,subscribed,2011-11-29T13:37:08Z,,,zoranzaric
psf,requests,223,6029060,mentioned,2011-11-29T16:29:05Z,,,zoranzaric
psf,requests,223,6030224,mentioned,2011-11-29T16:40:08Z,,,zoranzaric
psf,requests,223,7994331,subscribed,2012-01-16T22:47:09Z,,,berndtj
psf,requests,223,7994368,reopened,2012-01-16T22:47:46Z,,,kennethreitz
psf,requests,223,14240163,subscribed,2012-04-26T16:17:24Z,,,Wilfred
psf,requests,223,14583178,subscribed,2012-05-02T10:40:01Z,,,aknuds1
psf,requests,223,14583774,mentioned,2012-05-02T10:51:58Z,,,aknuds1
psf,requests,223,14583775,subscribed,2012-05-02T10:51:58Z,,,slingamn
psf,requests,223,14584216,mentioned,2012-05-02T10:59:03Z,,,slingamn
psf,requests,223,14610084,mentioned,2012-05-02T16:31:38Z,,,slingamn
psf,requests,223,14740098,subscribed,2012-05-04T01:13:48Z,,,laurentb
psf,requests,223,14744151,mentioned,2012-05-04T03:37:32Z,,,aknuds1
psf,requests,223,14749002,mentioned,2012-05-04T06:46:48Z,,,slingamn
psf,requests,223,14752777,mentioned,2012-05-04T08:27:22Z,,,aknuds1
psf,requests,223,14789492,mentioned,2012-05-04T17:36:58Z,,,slingamn
psf,requests,223,17074485,subscribed,2012-06-06T14:04:49Z,,,danfairs
psf,requests,223,22083331,subscribed,2012-08-05T03:08:31Z,,,mnot
psf,requests,223,23995981,mentioned,2012-09-05T12:35:26Z,,,nettok
psf,requests,223,23995982,subscribed,2012-09-05T12:35:26Z,,,nettok
psf,requests,223,25136098,mentioned,2012-09-21T14:25:29Z,,,kennethreitz
psf,requests,223,25136099,subscribed,2012-09-21T14:25:29Z,,,kennethreitz
psf,requests,223,27248394,mentioned,2012-10-18T17:28:17Z,,,kennethreitz
psf,requests,223,27248395,subscribed,2012-10-18T17:28:17Z,,,kennethreitz
psf,requests,223,30320290,referenced,2012-11-25T02:48:49Z,f003025a37f9d546570e52f7d355c6f5d1a81617,https://api.github.com/repos/sigmavirus24/requests/commits/f003025a37f9d546570e52f7d355c6f5d1a81617,sigmavirus24
psf,requests,223,30322950,closed,2012-11-25T03:54:30Z,f003025a37f9d546570e52f7d355c6f5d1a81617,https://api.github.com/repos/psf/requests/commits/f003025a37f9d546570e52f7d355c6f5d1a81617,kennethreitz
psf,requests,223,30460139,mentioned,2012-11-27T01:59:30Z,,,kennethreitz
psf,requests,223,30460140,subscribed,2012-11-27T01:59:30Z,,,kennethreitz
psf,requests,223,30460747,mentioned,2012-11-27T02:12:24Z,,,amalakar
psf,requests,223,30460748,subscribed,2012-11-27T02:12:24Z,,,amalakar
psf,requests,223,30460967,mentioned,2012-11-27T02:16:24Z,,,amalakar
psf,requests,223,30460968,subscribed,2012-11-27T02:16:24Z,,,amalakar
psf,requests,223,30484078,mentioned,2012-11-27T10:14:02Z,,,piotr-dobrogost
psf,requests,223,30484079,subscribed,2012-11-27T10:14:02Z,,,piotr-dobrogost
psf,requests,223,5275180228,locked,2021-09-08T23:10:51Z,,,github-actions[bot]
psf,requests,223,5275180229,locked,2021-09-08T23:10:51Z,,,github-actions[bot]
psf,requests,78,1375748,subscribed,2011-06-24T10:28:49Z,,,jerem
psf,requests,78,1378187,subscribed,2011-06-24T13:34:18Z,,,kennethreitz
psf,requests,78,1973643,closed,2011-07-24T02:35:50Z,c3c90bb09c9f4cd635ea28cbc784ee5f724bdab8,https://api.github.com/repos/psf/requests/commits/c3c90bb09c9f4cd635ea28cbc784ee5f724bdab8,kennethreitz
psf,requests,78,5278028678,locked,2021-09-09T12:00:47Z,,,github-actions[bot]
psf,requests,56,1013258,subscribed,2011-06-04T16:23:34Z,,,mw44118
psf,requests,56,1353298,subscribed,2011-06-23T08:24:54Z,,,kennethreitz
psf,requests,56,1367570,subscribed,2011-06-23T21:51:07Z,,,jonashaag
psf,requests,56,1973766,closed,2011-07-24T02:55:20Z,,,kennethreitz
psf,requests,56,5278028557,locked,2021-09-09T12:00:46Z,,,github-actions[bot]
scrapy,scrapy,7626,26750528888,labeled,2026-06-15T09:51:37Z,,,wRAR
scrapy,scrapy,7626,26750529007,labeled,2026-06-15T09:51:37Z,,,wRAR
scrapy,scrapy,7626,26869054290,mentioned,2026-06-17T15:37:31Z,,,wRAR
scrapy,scrapy,7626,26869054375,subscribed,2026-06-17T15:37:31Z,,,wRAR
scrapy,scrapy,7626,26928818930,mentioned,2026-06-18T19:51:25Z,,,wRAR
scrapy,scrapy,7626,26928818975,subscribed,2026-06-18T19:51:25Z,,,wRAR
scrapy,scrapy,7626,26941672146,closed,2026-06-19T04:49:34Z,,,AdrianAtZyte
scrapy,scrapy,7604,26636315540,labeled,2026-06-11T16:36:13Z,,,wRAR
scrapy,scrapy,7604,26743119903,closed,2026-06-15T06:41:57Z,,,AdrianAtZyte
scrapy,scrapy,7601,26634807167,labeled,2026-06-11T15:58:54Z,,,wRAR
scrapy,scrapy,7601,26853583469,closed,2026-06-17T09:56:24Z,,,AdrianAtZyte
scrapy,scrapy,7597,26614155895,labeled,2026-06-11T08:01:05Z,,,wRAR
scrapy,scrapy,7597,26614156014,labeled,2026-06-11T08:01:05Z,,,wRAR
scrapy,scrapy,7597,26614158442,renamed,2026-06-11T08:01:09Z,,,wRAR
scrapy,scrapy,7597,26675016080,labeled,2026-06-12T12:34:58Z,,,wRAR
scrapy,scrapy,7597,26774768140,closed,2026-06-15T19:24:46Z,,,wRAR
scrapy,scrapy,7552,25965814269,labeled,2026-05-26T12:03:15Z,,,wRAR
scrapy,scrapy,7552,25968199470,unlabeled,2026-05-26T13:18:03Z,,,wRAR
scrapy,scrapy,7552,25968199509,labeled,2026-05-26T13:18:03Z,,,wRAR
scrapy,scrapy,7552,26000587452,mentioned,2026-05-27T06:05:54Z,,,wRAR
scrapy,scrapy,7552,26000587489,subscribed,2026-05-27T06:05:54Z,,,wRAR
scrapy,scrapy,7552,26001553476,mentioned,2026-05-27T06:38:25Z,,,marcos-dataops
scrapy,scrapy,7552,26001553761,subscribed,2026-05-27T06:38:26Z,,,marcos-dataops
scrapy,scrapy,7552,26074534612,subscribed,2026-05-28T17:29:44Z,,,msn-2006
scrapy,scrapy,7552,26592731874,closed,2026-06-10T19:59:04Z,,,wRAR
scrapy,scrapy,7445,24711098940,labeled,2026-04-21T09:08:31Z,,,wRAR
scrapy,scrapy,7445,24711098963,labeled,2026-04-21T09:08:31Z,,,wRAR
scrapy,scrapy,7445,24711103731,milestoned,2026-04-21T09:08:40Z,,,wRAR
scrapy,scrapy,7445,24758303140,closed,2026-04-22T14:01:04Z,,,wRAR
scrapy,scrapy,7426,24441955829,labeled,2026-04-13T10:28:57Z,,,wRAR
scrapy,scrapy,7426,24442005564,milestoned,2026-04-13T10:30:43Z,,,wRAR
scrapy,scrapy,7426,24758288079,closed,2026-04-22T14:00:42Z,,,wRAR
scrapy,scrapy,7158,21069871439,subscribed,2025-11-20T12:47:05Z,,,obrovetstatyana-code
scrapy,scrapy,7158,21069937049,labeled,2025-11-20T12:50:14Z,,,wRAR
scrapy,scrapy,7158,21069937058,labeled,2025-11-20T12:50:14Z,,,wRAR
scrapy,scrapy,7158,21852521651,closed,2026-01-05T11:55:59Z,,,wRAR
scrapy,scrapy,7060,19966079975,labeled,2025-09-28T12:05:01Z,,,wRAR
scrapy,scrapy,7060,19966079995,labeled,2025-09-28T12:05:02Z,,,wRAR
scrapy,scrapy,7060,19966080006,labeled,2025-09-28T12:05:02Z,,,wRAR
scrapy,scrapy,7060,19966080015,labeled,2025-09-28T12:05:02Z,,,wRAR
scrapy,scrapy,7060,19988095158,mentioned,2025-09-29T16:00:54Z,,,pratyush2514
scrapy,scrapy,7060,19988095192,subscribed,2025-09-29T16:00:54Z,,,pratyush2514
scrapy,scrapy,7060,20029385327,mentioned,2025-10-01T09:18:28Z,,,wRAR
scrapy,scrapy,7060,20029385347,subscribed,2025-10-01T09:18:28Z,,,wRAR
scrapy,scrapy,7060,20030459980,mentioned,2025-10-01T10:12:02Z,,,wRAR
scrapy,scrapy,7060,20030460073,subscribed,2025-10-01T10:12:02Z,,,wRAR
scrapy,scrapy,7060,20030609886,pinned,2025-10-01T10:18:22Z,,,wRAR
scrapy,scrapy,7060,20030610511,unpinned,2025-10-01T10:18:25Z,,,wRAR
scrapy,scrapy,7060,20030711849,mentioned,2025-10-01T10:23:31Z,,,wRAR
scrapy,scrapy,7060,20030711939,subscribed,2025-10-01T10:23:31Z,,,wRAR
scrapy,scrapy,7060,20030934442,mentioned,2025-10-01T10:34:31Z,,,wRAR
scrapy,scrapy,7060,20030934463,subscribed,2025-10-01T10:34:32Z,,,wRAR
scrapy,scrapy,7060,20031154177,mentioned,2025-10-01T10:48:41Z,,,wRAR
scrapy,scrapy,7060,20031154194,subscribed,2025-10-01T10:48:41Z,,,wRAR
scrapy,scrapy,7060,20049268852,mentioned,2025-10-02T04:04:19Z,,,wRAR
scrapy,scrapy,7060,20049268862,subscribed,2025-10-02T04:04:20Z,,,wRAR
scrapy,scrapy,7060,20051679957,mentioned,2025-10-02T06:44:16Z,,,K-Preetham-Reddy
scrapy,scrapy,7060,20051679979,subscribed,2025-10-02T06:44:17Z,,,K-Preetham-Reddy
scrapy,scrapy,7060,20053540263,unsubscribed,2025-10-02T08:17:02Z,,,pratyush2514
scrapy,scrapy,7060,20073931338,mentioned,2025-10-03T05:02:02Z,,,wRAR
scrapy,scrapy,7060,20073931343,subscribed,2025-10-03T05:02:02Z,,,wRAR
scrapy,scrapy,7060,20074564843,mentioned,2025-10-03T05:58:02Z,,,K-Preetham-Reddy
scrapy,scrapy,7060,20074564856,subscribed,2025-10-03T05:58:02Z,,,K-Preetham-Reddy
scrapy,scrapy,7060,20241161555,referenced,2025-10-13T08:18:02Z,b19f5046df48a630ac72108949a2b936ca928bd7,https://api.github.com/repos/vijaytogra/scrapy/commits/b19f5046df48a630ac72108949a2b936ca928bd7,vijaytogra
scrapy,scrapy,7060,20248275475,subscribed,2025-10-13T13:59:06Z,,,vasiliyk
scrapy,scrapy,7060,22759712461,closed,2026-02-13T08:45:11Z,,,Gallaecio
scrapy,scrapy,7057,19935224226,labeled,2025-09-26T06:52:42Z,,,wRAR
scrapy,scrapy,7057,19967705561,labeled,2025-09-28T14:29:23Z,,,wRAR
scrapy,scrapy,7057,19977788985,closed,2025-09-29T08:41:24Z,,,wRAR
scrapy,scrapy,7042,19498368374,labeled,2025-09-04T08:12:22Z,,,Gallaecio
scrapy,scrapy,7042,19572216277,subscribed,2025-09-08T19:20:35Z,,,asharmalik19
scrapy,scrapy,7042,19613030680,closed,2025-09-10T13:17:18Z,,,Gallaecio
scrapy,scrapy,7042,22342452407,unsubscribed,2026-01-28T10:50:47Z,,,jayaddison
scrapy,scrapy,7003,19084626207,assigned,2025-08-11T10:07:39Z,,,wRAR
scrapy,scrapy,7003,19084626451,labeled,2025-08-11T10:07:40Z,,,wRAR
scrapy,scrapy,7003,19084626497,labeled,2025-08-11T10:07:40Z,,,wRAR
scrapy,scrapy,7003,19205900404,closed,2025-08-18T15:00:24Z,,,wRAR
scrapy,scrapy,6996,19049217076,labeled,2025-08-08T07:33:20Z,,,wRAR
scrapy,scrapy,6996,19049217150,labeled,2025-08-08T07:33:20Z,,,wRAR
scrapy,scrapy,6996,19823154430,assigned,2025-09-21T17:09:41Z,,,wRAR
scrapy,scrapy,6996,20110136007,closed,2025-10-06T09:19:36Z,,,Gallaecio
scrapy,scrapy,6972,18855179035,labeled,2025-07-28T12:38:43Z,,,wRAR
scrapy,scrapy,6972,18855179096,labeled,2025-07-28T12:38:43Z,,,wRAR
scrapy,scrapy,6972,18862488418,closed,2025-07-28T18:37:47Z,,,Gallaecio
scrapy,scrapy,6915,18329914661,labeled,2025-06-26T06:47:56Z,,,wRAR
scrapy,scrapy,6915,18342703532,milestoned,2025-06-26T19:37:30Z,,,wRAR
scrapy,scrapy,6915,18935106282,closed,2025-08-01T09:01:42Z,,,Gallaecio
scrapy,scrapy,6908,18279027811,milestoned,2025-06-23T18:28:21Z,,,wRAR
scrapy,scrapy,6908,18279028025,labeled,2025-06-23T18:28:22Z,,,wRAR
scrapy,scrapy,6908,18279028064,labeled,2025-06-23T18:28:22Z,,,wRAR
scrapy,scrapy,6908,18409857808,closed,2025-07-01T12:24:10Z,,,wRAR
scrapy,scrapy,6894,18241109303,labeled,2025-06-20T07:31:47Z,,,wRAR
scrapy,scrapy,6894,18241109336,labeled,2025-06-20T07:31:47Z,,,wRAR
scrapy,scrapy,6894,18249152127,milestoned,2025-06-20T14:45:23Z,,,wRAR
scrapy,scrapy,6894,18254466558,mentioned,2025-06-20T23:06:33Z,,,wRAR
scrapy,scrapy,6894,18254466562,subscribed,2025-06-20T23:06:33Z,,,wRAR
scrapy,scrapy,6894,18254993748,referenced,2025-06-21T01:02:45Z,e7099f34f1508a81ba3cc1d4b37a678a7af7c38b,https://api.github.com/repos/thalissonvs/scrapy/commits/e7099f34f1508a81ba3cc1d4b37a678a7af7c38b,thalissonvs
scrapy,scrapy,6894,18277659762,closed,2025-06-23T16:56:30Z,,,Gallaecio
scrapy,scrapy,6878,18045861785,labeled,2025-06-08T18:07:17Z,,,wRAR
scrapy,scrapy,6878,18045861795,labeled,2025-06-08T18:07:17Z,,,wRAR
scrapy,scrapy,6878,18045861801,labeled,2025-06-08T18:07:17Z,,,wRAR
scrapy,scrapy,6878,18050901591,closed,2025-06-09T07:53:44Z,,,Gallaecio
scrapy,scrapy,6876,18045078829,labeled,2025-06-08T15:13:06Z,,,Gallaecio
scrapy,scrapy,6876,18045078842,labeled,2025-06-08T15:13:06Z,,,Gallaecio
scrapy,scrapy,6876,18045326202,subscribed,2025-06-08T15:55:17Z,,,DB-db-dron
scrapy,scrapy,6876,18135160899,referenced,2025-06-13T14:19:10Z,4f2f8a7f567a609f88c379d91d819e5a22ffae67,https://api.github.com/repos/Ragna1204/scrapy/commits/4f2f8a7f567a609f88c379d91d819e5a22ffae67,Ragna1204
scrapy,scrapy,6876,18150838304,referenced,2025-06-14T18:08:48Z,79f7da2f5005a80ab3e359463d5a9c4c54aa7e8f,https://api.github.com/repos/MehrazRumman/scrapy/commits/79f7da2f5005a80ab3e359463d5a9c4c54aa7e8f,MehrazRumman
scrapy,scrapy,6876,18154026091,referenced,2025-06-15T05:19:14Z,2edecc2c5244edaec8b9996a9142803e3f5321c6,https://api.github.com/repos/plwp/scrapy/commits/2edecc2c5244edaec8b9996a9142803e3f5321c6,plwp
scrapy,scrapy,6876,18238090283,mentioned,2025-06-20T01:57:05Z,,,Gallaecio
scrapy,scrapy,6876,18238090290,subscribed,2025-06-20T01:57:05Z,,,Gallaecio
scrapy,scrapy,6876,18867541689,referenced,2025-07-29T02:47:44Z,de28e565adb5e9535d4c52f44cc051e5f28b605c,https://api.github.com/repos/adglee/scrapy/commits/de28e565adb5e9535d4c52f44cc051e5f28b605c,adglee
scrapy,scrapy,6876,18950334181,mentioned,2025-08-02T10:25:40Z,,,Gallaecio
scrapy,scrapy,6876,18950334186,subscribed,2025-08-02T10:25:40Z,,,Gallaecio
scrapy,scrapy,6876,20193344710,closed,2025-10-09T20:14:35Z,4865a500b62fada0be245b9201339cc3d093c6d2,https://api.github.com/repos/scrapy/scrapy/commits/4865a500b62fada0be245b9201339cc3d093c6d2,Gallaecio
scrapy,scrapy,6876,20193812523,referenced,2025-10-09T20:45:30Z,4865a500b62fada0be245b9201339cc3d093c6d2,https://api.github.com/repos/Cache-Cloud/scrapy/commits/4865a500b62fada0be245b9201339cc3d093c6d2,pull[bot]
scrapy,scrapy,6861,17996118159,labeled,2025-06-05T08:38:50Z,,,wRAR
scrapy,scrapy,6861,17996119088,milestoned,2025-06-05T08:38:53Z,,,wRAR
scrapy,scrapy,6861,17997616336,renamed,2025-06-05T10:02:00Z,,,wRAR
scrapy,scrapy,6861,18000667438,closed,2025-06-05T13:02:32Z,,,wRAR
scrapy,scrapy,6859,18069494621,milestoned,2025-06-10T08:09:13Z,,,wRAR
scrapy,scrapy,6859,18560720633,labeled,2025-07-10T08:28:56Z,,,wRAR
scrapy,scrapy,6859,18775157815,labeled,2025-07-23T13:54:37Z,,,wRAR
scrapy,scrapy,6859,19394295187,demilestoned,2025-08-28T15:22:12Z,,,wRAR
scrapy,scrapy,6859,19394295195,milestoned,2025-08-28T15:22:12Z,,,wRAR
scrapy,scrapy,6859,19445917289,subscribed,2025-09-01T17:00:43Z,,,alex
scrapy,scrapy,6859,19446032515,mentioned,2025-09-01T17:11:18Z,,,alex
scrapy,scrapy,6859,19446032532,subscribed,2025-09-01T17:11:18Z,,,alex
scrapy,scrapy,6859,20507641135,referenced,2025-10-26T08:51:58Z,f5627e16a7d075e63267dc75abd2347b5fd37447,https://api.github.com/repos/ralfbecher/database-ontology-mcp/commits/f5627e16a7d075e63267dc75abd2347b5fd37447,ralfbecher
scrapy,scrapy,6859,22958039343,subscribed,2026-02-20T19:40:30Z,,,jpmckinney
scrapy,scrapy,6859,23885705033,closed,2026-03-25T10:42:45Z,,,wRAR
scrapy,scrapy,6859,24748728818,closed,2026-04-22T09:01:57Z,,,wRAR
scrapy,scrapy,6857,17978977887,labeled,2025-06-04T10:32:43Z,,,Gallaecio
scrapy,scrapy,6857,17996698085,referenced,2025-06-05T09:11:14Z,647a226be99660a81e878c7f3c8d333d54605816,https://api.github.com/repos/MehrazRumman/scrapy/commits/647a226be99660a81e878c7f3c8d333d54605816,MehrazRumman
scrapy,scrapy,6857,18006644981,milestoned,2025-06-05T17:47:24Z,,,wRAR
scrapy,scrapy,6857,18020972657,closed,2025-06-06T11:02:16Z,,,Gallaecio
scrapy,scrapy,6834,17846923920,labeled,2025-05-28T09:23:30Z,,,wRAR
scrapy,scrapy,6834,17846923982,labeled,2025-05-28T09:23:31Z,,,wRAR
scrapy,scrapy,6834,18438564764,closed,2025-07-02T19:35:59Z,,,wRAR
scrapy,scrapy,6820,17758128189,labeled,2025-05-21T17:23:25Z,,,wRAR
scrapy,scrapy,6820,17758128218,mentioned,2025-05-21T17:23:25Z,,,Gallaecio
scrapy,scrapy,6820,17758128227,subscribed,2025-05-21T17:23:25Z,,,Gallaecio
scrapy,scrapy,6820,22766405002,referenced,2026-02-13T13:19:38Z,60f7468ea2429972909c18ce8835398cd784c59e,https://api.github.com/repos/pierreeurope/scrapy/commits/60f7468ea2429972909c18ce8835398cd784c59e,pierreeurope
scrapy,scrapy,6820,22857537891,referenced,2026-02-17T15:44:41Z,750b5121b5109134f275b7c6e92467fff93162ec,https://api.github.com/repos/pierreeurope/scrapy/commits/750b5121b5109134f275b7c6e92467fff93162ec,pierreeurope
scrapy,scrapy,6820,22910808354,closed,2026-02-19T10:22:01Z,,,Gallaecio
scrapy,scrapy,6812,17706826388,labeled,2025-05-19T04:24:31Z,,,wRAR
scrapy,scrapy,6812,17706826390,labeled,2025-05-19T04:24:31Z,,,wRAR
scrapy,scrapy,6812,17706826393,labeled,2025-05-19T04:24:31Z,,,wRAR
scrapy,scrapy,6812,17708039463,mentioned,2025-05-19T06:25:47Z,,,wRAR
scrapy,scrapy,6812,17708039480,subscribed,2025-05-19T06:25:48Z,,,wRAR
scrapy,scrapy,6812,17726620244,closed,2025-05-20T05:51:32Z,,,Gallaecio
scrapy,scrapy,6784,17592912382,labeled,2025-05-09T15:17:58Z,,,wRAR
scrapy,scrapy,6784,18278219383,closed,2025-06-23T17:36:55Z,,,Gallaecio
scrapy,scrapy,6783,17570570528,labeled,2025-05-08T09:36:03Z,,,wRAR
scrapy,scrapy,6783,18278219456,closed,2025-06-23T17:36:56Z,,,Gallaecio
scrapy,scrapy,6665,16268343569,labeled,2025-02-11T17:12:29Z,,,wRAR
scrapy,scrapy,6665,16268343579,labeled,2025-02-11T17:12:29Z,,,wRAR
scrapy,scrapy,6665,16268343599,milestoned,2025-02-11T17:12:29Z,,,wRAR
scrapy,scrapy,6665,16313626826,closed,2025-02-14T15:40:07Z,,,wRAR
scrapy,scrapy,6644,16149761939,labeled,2025-02-01T10:20:41Z,,,wRAR
scrapy,scrapy,6644,16149761940,labeled,2025-02-01T10:20:41Z,,,wRAR
scrapy,scrapy,6644,16149761941,labeled,2025-02-01T10:20:41Z,,,wRAR
scrapy,scrapy,6644,16149762067,labeled,2025-02-01T10:20:48Z,,,wRAR
scrapy,scrapy,6644,16178346643,closed,2025-02-04T12:49:23Z,,,wRAR
scrapy,scrapy,6636,16097773443,labeled,2025-01-28T18:29:48Z,,,wRAR
scrapy,scrapy,6636,16097773451,labeled,2025-01-28T18:29:48Z,,,wRAR
scrapy,scrapy,6636,16207955491,closed,2025-02-06T10:47:41Z,,,wRAR
scrapy,scrapy,6632,16067672790,milestoned,2025-01-25T15:40:11Z,,,wRAR
scrapy,scrapy,6632,16067717279,labeled,2025-01-25T16:05:04Z,,,wRAR
scrapy,scrapy,6632,16068953098,renamed,2025-01-26T05:47:31Z,,,RishavDaredevil
scrapy,scrapy,6632,16068953903,mentioned,2025-01-26T05:48:09Z,,,wRAR
scrapy,scrapy,6632,16068953905,subscribed,2025-01-26T05:48:09Z,,,wRAR
scrapy,scrapy,6632,16075580451,closed,2025-01-27T10:21:32Z,,,Gallaecio
scrapy,scrapy,6619,15986171932,labeled,2025-01-18T16:25:28Z,,,wRAR
scrapy,scrapy,6619,15986171934,labeled,2025-01-18T16:25:28Z,,,wRAR
scrapy,scrapy,6619,16004087326,labeled,2025-01-20T19:55:54Z,,,wRAR
scrapy,scrapy,6619,16004090119,milestoned,2025-01-20T19:56:15Z,,,wRAR
scrapy,scrapy,6619,16022511162,mentioned,2025-01-22T02:28:12Z,,,wRAR
scrapy,scrapy,6619,16022511169,subscribed,2025-01-22T02:28:12Z,,,wRAR
scrapy,scrapy,6619,16027422189,closed,2025-01-22T11:14:34Z,,,wRAR
scrapy,scrapy,6617,15978854942,labeled,2025-01-17T15:10:22Z,,,wRAR
scrapy,scrapy,6617,15978855501,milestoned,2025-01-17T15:10:25Z,,,wRAR
scrapy,scrapy,6617,15978865982,labeled,2025-01-17T15:11:11Z,,,wRAR
scrapy,scrapy,6617,16039805518,mentioned,2025-01-23T08:04:48Z,,,wRAR
scrapy,scrapy,6617,16039805531,subscribed,2025-01-23T08:04:48Z,,,wRAR
scrapy,scrapy,6617,16039805562,mentioned,2025-01-23T08:04:48Z,,,Gallaecio
scrapy,scrapy,6617,16039805580,subscribed,2025-01-23T08:04:48Z,,,Gallaecio
scrapy,scrapy,6617,16039913320,mentioned,2025-01-23T08:14:32Z,,,mushtaqak
scrapy,scrapy,6617,16039913332,subscribed,2025-01-23T08:14:32Z,,,mushtaqak
scrapy,scrapy,6617,16040038412,mentioned,2025-01-23T08:25:14Z,,,Gallaecio
scrapy,scrapy,6617,16040038428,subscribed,2025-01-23T08:25:14Z,,,Gallaecio
scrapy,scrapy,6617,16046337069,closed,2025-01-23T16:06:47Z,,,wRAR
scrapy,scrapy,6600,15794474395,labeled,2025-01-01T19:47:08Z,,,wRAR
scrapy,scrapy,6600,15794474396,labeled,2025-01-01T19:47:08Z,,,wRAR
scrapy,scrapy,6600,15925338234,closed,2025-01-14T15:40:25Z,,,Gallaecio
scrapy,scrapy,6593,15773255495,labeled,2024-12-27T14:41:09Z,,,Gallaecio
scrapy,scrapy,6593,15773255498,labeled,2024-12-27T14:41:09Z,,,Gallaecio
scrapy,scrapy,6593,15773255506,labeled,2024-12-27T14:41:09Z,,,Gallaecio
scrapy,scrapy,6593,15773256622,renamed,2024-12-27T14:41:22Z,,,Gallaecio
scrapy,scrapy,6593,15776986850,mentioned,2024-12-28T07:59:19Z,,,rafeyrana
scrapy,scrapy,6593,15776986930,subscribed,2024-12-28T07:59:19Z,,,rafeyrana
scrapy,scrapy,6593,15836221639,closed,2025-01-07T09:40:51Z,,,Gallaecio
scrapy,scrapy,6505,14788971622,labeled,2024-10-22T16:35:29Z,,,Gallaecio
scrapy,scrapy,6505,14788971629,labeled,2024-10-22T16:35:29Z,,,Gallaecio
scrapy,scrapy,6505,14818444565,mentioned,2024-10-23T14:32:00Z,,,divyranjan17
scrapy,scrapy,6505,14818444588,subscribed,2024-10-23T14:32:00Z,,,divyranjan17
scrapy,scrapy,6505,14818444616,mentioned,2024-10-23T14:32:00Z,,,AdityaS8804
scrapy,scrapy,6505,14818444632,subscribed,2024-10-23T14:32:00Z,,,AdityaS8804
scrapy,scrapy,6505,14925620209,referenced,2024-10-27T14:00:07Z,d2fb78c48c7d5f4cbf17557d42921de6cddc7ff8,https://api.github.com/repos/rahulsamant37/scrapy/commits/d2fb78c48c7d5f4cbf17557d42921de6cddc7ff8,rahulsamant37
scrapy,scrapy,6505,14925731960,referenced,2024-10-27T14:07:27Z,b1ef17ec46111d9c4fa882b90b274b452f2154de,https://api.github.com/repos/rahulsamant37/scrapy/commits/b1ef17ec46111d9c4fa882b90b274b452f2154de,rahulsamant37
scrapy,scrapy,6505,14926191467,referenced,2024-10-27T14:38:35Z,e7ac1cd5119f434b4194c4df4a17338306ab518f,https://api.github.com/repos/rahulsamant37/scrapy/commits/e7ac1cd5119f434b4194c4df4a17338306ab518f,rahulsamant37
scrapy,scrapy,6505,14926806830,referenced,2024-10-27T15:20:26Z,93351ce5705aa57faba1a8f32ea725a1542e6d79,https://api.github.com/repos/rahulsamant37/scrapy/commits/93351ce5705aa57faba1a8f32ea725a1542e6d79,rahulsamant37
scrapy,scrapy,6505,14927078489,referenced,2024-10-27T15:37:55Z,aec855a6aba796fdc3ac750181a5c95f7af08957,https://api.github.com/repos/rahulsamant37/scrapy/commits/aec855a6aba796fdc3ac750181a5c95f7af08957,rahulsamant37
scrapy,scrapy,6505,15303655180,closed,2024-11-14T19:48:08Z,,,wRAR
scrapy,scrapy,6505,15303655222,referenced,2024-11-14T19:48:08Z,30fb54f47e0c130010db53c6e5f9b668e1e41a86,https://api.github.com/repos/scrapy/scrapy/commits/30fb54f47e0c130010db53c6e5f9b668e1e41a86,wRAR
scrapy,scrapy,6504,14786915144,labeled,2024-10-22T14:40:29Z,,,wRAR
scrapy,scrapy,6504,14786915156,labeled,2024-10-22T14:40:29Z,,,wRAR
scrapy,scrapy,6504,14786915174,labeled,2024-10-22T14:40:29Z,,,wRAR
scrapy,scrapy,6504,14786920082,milestoned,2024-10-22T14:40:44Z,,,wRAR
scrapy,scrapy,6504,14826845609,mentioned,2024-10-23T18:50:54Z,,,ravikiran-sodimbakam
scrapy,scrapy,6504,14826845637,subscribed,2024-10-23T18:50:55Z,,,ravikiran-sodimbakam
scrapy,scrapy,6504,14861231187,mentioned,2024-10-25T03:36:02Z,,,wRAR
scrapy,scrapy,6504,14861231190,subscribed,2024-10-25T03:36:02Z,,,wRAR
scrapy,scrapy,6504,14960860546,renamed,2024-10-28T14:06:20Z,,,wRAR
scrapy,scrapy,6504,14989334812,closed,2024-10-29T18:08:39Z,,,Gallaecio
scrapy,scrapy,6450,13925013210,labeled,2024-08-19T05:36:31Z,,,wRAR
scrapy,scrapy,6450,15187788777,milestoned,2024-11-07T17:31:30Z,,,wRAR
scrapy,scrapy,6450,16068101003,labeled,2025-01-25T19:28:57Z,,,wRAR
scrapy,scrapy,6450,16068101006,labeled,2025-01-25T19:28:57Z,,,wRAR
scrapy,scrapy,6450,16076760410,unlabeled,2025-01-27T11:54:52Z,,,wRAR
scrapy,scrapy,6450,16089891967,labeled,2025-01-28T09:29:38Z,,,wRAR
scrapy,scrapy,6450,16089894267,closed,2025-01-28T09:29:49Z,,,wRAR
scrapy,scrapy,6450,16201804383,mentioned,2025-02-05T23:04:17Z,,,wRAR
scrapy,scrapy,6450,16201804391,subscribed,2025-02-05T23:04:17Z,,,wRAR
scrapy,scrapy,6450,16204880460,mentioned,2025-02-06T06:16:16Z,,,andersk
scrapy,scrapy,6450,16204880468,subscribed,2025-02-06T06:16:16Z,,,andersk
scrapy,scrapy,6398,13097638056,labeled,2024-06-10T08:51:23Z,,,Gallaecio
scrapy,scrapy,6398,13097638064,labeled,2024-06-10T08:51:23Z,,,Gallaecio
scrapy,scrapy,6398,22627149094,referenced,2026-02-08T20:39:01Z,d3e811913a8c28d4ab6d58354b0f2c8cc6c8c20a,https://api.github.com/repos/veeceey/scrapy/commits/d3e811913a8c28d4ab6d58354b0f2c8cc6c8c20a,veeceey
scrapy,scrapy,6398,22667010686,closed,2026-02-10T08:49:11Z,,,Gallaecio
scrapy,scrapy,6383,12989094895,labeled,2024-05-30T16:59:37Z,,,wRAR
scrapy,scrapy,6383,12989094900,labeled,2024-05-30T16:59:37Z,,,wRAR
scrapy,scrapy,6383,13019255452,mentioned,2024-06-03T11:11:13Z,,,wRAR
scrapy,scrapy,6383,13019255463,subscribed,2024-06-03T11:11:13Z,,,wRAR
scrapy,scrapy,6383,13020467527,referenced,2024-06-03T12:35:20Z,ca979889fa3c141f7d7357c1fdb3a5c19c5d4bfb,https://api.github.com/repos/suvanbanerjee/scrapy/commits/ca979889fa3c141f7d7357c1fdb3a5c19c5d4bfb,suvanbanerjee
scrapy,scrapy,6383,13044889399,closed,2024-06-05T04:34:47Z,,,Gallaecio
scrapy,scrapy,6369,12856903521,labeled,2024-05-18T20:19:57Z,,,wRAR
scrapy,scrapy,6369,13807212635,mentioned,2024-08-08T13:41:53Z,,,wRAR
scrapy,scrapy,6369,13807212647,subscribed,2024-08-08T13:41:53Z,,,wRAR
scrapy,scrapy,6369,15881583809,labeled,2025-01-10T12:30:19Z,,,wRAR
scrapy,scrapy,6369,21598150814,marked_as_duplicate,2025-12-16T17:20:48Z,,,wRAR
scrapy,scrapy,6369,23845398762,closed,2026-03-24T09:52:58Z,,,AdrianAtZyte
scrapy,scrapy,6365,12819480772,labeled,2024-05-15T15:03:25Z,,,wRAR
scrapy,scrapy,6365,12953959136,closed,2024-05-28T08:43:00Z,,,Gallaecio
scrapy,scrapy,6361,12799338686,labeled,2024-05-14T09:52:47Z,,,wRAR
scrapy,scrapy,6361,12799338692,labeled,2024-05-14T09:52:47Z,,,wRAR
scrapy,scrapy,6361,12799338695,labeled,2024-05-14T09:52:48Z,,,wRAR
scrapy,scrapy,6361,12886367891,mentioned,2024-05-21T23:09:39Z,,,wRAR
scrapy,scrapy,6361,12886367896,subscribed,2024-05-21T23:09:39Z,,,wRAR
scrapy,scrapy,6361,12944125929,closed,2024-05-27T10:36:35Z,,,wRAR
scrapy,scrapy,6350,12749710626,renamed,2024-05-08T21:29:23Z,,,mohmad-null
scrapy,scrapy,6350,12754635046,renamed,2024-05-09T09:18:19Z,,,mohmad-null
scrapy,scrapy,6350,12755055645,labeled,2024-05-09T09:56:03Z,,,Gallaecio
scrapy,scrapy,6350,21389095636,closed,2025-12-05T17:03:23Z,,,wRAR
scrapy,scrapy,6343,12725389436,labeled,2024-05-07T08:23:10Z,,,wRAR
scrapy,scrapy,6343,12767670763,closed,2024-05-10T09:43:50Z,,,Gallaecio
scrapy,scrapy,6342,12724740181,labeled,2024-05-07T07:32:13Z,,,Gallaecio
scrapy,scrapy,6342,12724740189,labeled,2024-05-07T07:32:13Z,,,Gallaecio
scrapy,scrapy,6342,12724740193,labeled,2024-05-07T07:32:13Z,,,Gallaecio
scrapy,scrapy,6342,12724748955,mentioned,2024-05-07T07:32:50Z,,,mukthy
scrapy,scrapy,6342,12724748966,subscribed,2024-05-07T07:32:50Z,,,mukthy
scrapy,scrapy,6342,12744426245,referenced,2024-05-08T14:00:13Z,2adfc2041ecf456038c8cd042e71a18c3cdef2a2,https://api.github.com/repos/aisha-partha/scrapy/commits/2adfc2041ecf456038c8cd042e71a18c3cdef2a2,aisha-partha
scrapy,scrapy,6342,12746353440,referenced,2024-05-08T16:15:51Z,17b2046450aa7d645a277f1700ef2d9e0291ace5,https://api.github.com/repos/aisha-partha/scrapy/commits/17b2046450aa7d645a277f1700ef2d9e0291ace5,aisha-partha
scrapy,scrapy,6342,12746587030,referenced,2024-05-08T16:38:30Z,180bc9bad7aceb3a9e10c1411212914bc32fb721,https://api.github.com/repos/aisha-partha/scrapy/commits/180bc9bad7aceb3a9e10c1411212914bc32fb721,aisha-partha
scrapy,scrapy,6342,12747386479,referenced,2024-05-08T17:53:55Z,3590a1f66b30edfc836b95bbd0a3611eee9371e2,https://api.github.com/repos/aisha-partha/scrapy/commits/3590a1f66b30edfc836b95bbd0a3611eee9371e2,aisha-partha
scrapy,scrapy,6342,12766376036,closed,2024-05-10T07:47:41Z,,,wRAR
scrapy,scrapy,6342,12766376093,referenced,2024-05-10T07:47:42Z,10a843ac1d7105d1503ab367e3113da20a2d36fc,https://api.github.com/repos/scrapy/scrapy/commits/10a843ac1d7105d1503ab367e3113da20a2d36fc,wRAR
scrapy,scrapy,6328,12698878786,labeled,2024-05-03T16:59:51Z,,,Gallaecio
scrapy,scrapy,6328,12698878791,labeled,2024-05-03T16:59:51Z,,,Gallaecio
scrapy,scrapy,6328,12698878797,labeled,2024-05-03T16:59:51Z,,,Gallaecio
scrapy,scrapy,6328,12703541824,mentioned,2024-05-04T07:18:41Z,,,mohmad-null
scrapy,scrapy,6328,12703541825,subscribed,2024-05-04T07:18:41Z,,,mohmad-null
scrapy,scrapy,6328,12712367837,closed,2024-05-06T09:29:37Z,,,Gallaecio
scrapy,scrapy,6328,13049501529,reopened,2024-06-05T11:18:39Z,,,Gallaecio
scrapy,scrapy,6328,13061285475,closed,2024-06-06T05:55:57Z,,,wRAR
scrapy,scrapy,6308,12382065647,labeled,2024-04-06T17:14:36Z,,,wRAR
scrapy,scrapy,6308,12383547234,labeled,2024-04-07T08:56:06Z,,,wRAR
scrapy,scrapy,6308,12384035256,mentioned,2024-04-07T12:24:56Z,,,wRAR
scrapy,scrapy,6308,12384035258,subscribed,2024-04-07T12:24:56Z,,,wRAR
scrapy,scrapy,6308,12384035261,mentioned,2024-04-07T12:24:56Z,,,marinelay
scrapy,scrapy,6308,12384035264,subscribed,2024-04-07T12:24:56Z,,,marinelay
scrapy,scrapy,6308,12387327568,mentioned,2024-04-08T06:06:06Z,,,marinelay
scrapy,scrapy,6308,12387327577,subscribed,2024-04-08T06:06:06Z,,,marinelay
scrapy,scrapy,6308,12390023335,closed,2024-04-08T09:47:55Z,,,Gallaecio
scrapy,scrapy,6307,12378631398,labeled,2024-04-05T19:47:50Z,,,wRAR
scrapy,scrapy,6307,12393439506,mentioned,2024-04-08T13:53:38Z,,,VMRuiz
scrapy,scrapy,6307,12393439524,subscribed,2024-04-08T13:53:38Z,,,VMRuiz
scrapy,scrapy,6307,12401758126,mentioned,2024-04-09T06:26:39Z,,,wRAR
scrapy,scrapy,6307,12401758135,subscribed,2024-04-09T06:26:40Z,,,wRAR
scrapy,scrapy,6307,12420581809,mentioned,2024-04-10T11:43:28Z,,,culpgrant
scrapy,scrapy,6307,12420581817,subscribed,2024-04-10T11:43:28Z,,,culpgrant
scrapy,scrapy,6307,12644156974,closed,2024-04-29T14:28:01Z,,,culpgrant
scrapy,scrapy,6292,12131619159,labeled,2024-03-15T13:23:27Z,,,Gallaecio
scrapy,scrapy,6292,12131619173,labeled,2024-03-15T13:23:27Z,,,Gallaecio
scrapy,scrapy,6292,12136729023,mentioned,2024-03-15T21:02:43Z,,,Gallaecio
scrapy,scrapy,6292,12136729029,subscribed,2024-03-15T21:02:43Z,,,Gallaecio
scrapy,scrapy,6292,12370218379,closed,2024-04-05T08:49:12Z,,,wRAR
scrapy,scrapy,6286,12063494182,labeled,2024-03-09T16:31:41Z,,,wRAR
scrapy,scrapy,6286,12063494184,labeled,2024-03-09T16:31:41Z,,,wRAR
scrapy,scrapy,6286,12085820956,closed,2024-03-12T09:17:11Z,,,wRAR
scrapy,scrapy,6258,11962534635,labeled,2024-02-29T08:34:22Z,,,wRAR
scrapy,scrapy,6258,11962534647,labeled,2024-02-29T08:34:22Z,,,wRAR
scrapy,scrapy,6258,11962585789,renamed,2024-02-29T08:38:56Z,,,wRAR
scrapy,scrapy,6258,11965104852,closed,2024-02-29T12:12:02Z,,,wRAR
scrapy,scrapy,6214,11683723798,labeled,2024-02-02T12:49:46Z,,,wRAR
scrapy,scrapy,6214,11683723807,labeled,2024-02-02T12:49:46Z,,,wRAR
scrapy,scrapy,6214,11683723820,labeled,2024-02-02T12:49:46Z,,,wRAR
scrapy,scrapy,6214,11684447627,closed,2024-02-02T13:54:05Z,,,wRAR
scrapy,scrapy,6207,11508347759,labeled,2024-01-17T08:48:41Z,,,Gallaecio
scrapy,scrapy,6207,11508347764,labeled,2024-01-17T08:48:41Z,,,Gallaecio
scrapy,scrapy,6207,11702830278,closed,2024-02-05T11:52:03Z,,,Gallaecio
scrapy,scrapy,6204,11468750708,labeled,2024-01-12T12:41:43Z,,,wRAR
scrapy,scrapy,6204,11468750713,labeled,2024-01-12T12:41:43Z,,,wRAR
scrapy,scrapy,6204,11472146038,closed,2024-01-12T17:50:43Z,,,kmike
scrapy,scrapy,6195,20286723795,labeled,2025-10-15T06:54:41Z,,,Gallaecio
scrapy,scrapy,6195,20286723820,labeled,2025-10-15T06:54:41Z,,,Gallaecio
scrapy,scrapy,6195,20297031760,closed,2025-10-15T14:15:09Z,,,wRAR
scrapy,scrapy,6195,26704645811,user_blocked,2026-06-13T06:50:59Z,,,scrapy
scrapy,scrapy,6160,11082414550,labeled,2023-11-28T11:38:50Z,,,wRAR
scrapy,scrapy,6160,11085796415,unlabeled,2023-11-28T16:13:12Z,,,wRAR
scrapy,scrapy,6160,11085796424,labeled,2023-11-28T16:13:12Z,,,wRAR
scrapy,scrapy,6160,11085796444,labeled,2023-11-28T16:13:12Z,,,wRAR
scrapy,scrapy,6160,11085801188,renamed,2023-11-28T16:13:34Z,,,wRAR
scrapy,scrapy,6160,11404755304,closed,2024-01-05T20:04:07Z,,,wRAR
scrapy,scrapy,6121,10804373562,labeled,2023-10-30T08:36:40Z,,,Gallaecio
scrapy,scrapy,6121,10804373572,labeled,2023-10-30T08:36:40Z,,,Gallaecio
scrapy,scrapy,6121,10821022629,closed,2023-10-31T13:37:27Z,,,wRAR
scrapy,scrapy,6056,10421218371,labeled,2023-09-20T10:20:20Z,,,wRAR
scrapy,scrapy,6056,10421218381,labeled,2023-09-20T10:20:20Z,,,wRAR
scrapy,scrapy,6056,10421218390,labeled,2023-09-20T10:20:20Z,,,wRAR
scrapy,scrapy,6056,10433420156,milestoned,2023-09-21T10:29:07Z,,,wRAR
scrapy,scrapy,6056,10438859159,mentioned,2023-09-21T18:08:53Z,,,yash08123
scrapy,scrapy,6056,10438859171,subscribed,2023-09-21T18:08:53Z,,,yash08123
scrapy,scrapy,6056,10444465330,closed,2023-09-22T08:12:22Z,,,Gallaecio
scrapy,scrapy,6044,10342701042,labeled,2023-09-12T07:25:11Z,,,wRAR
scrapy,scrapy,6044,10342701050,labeled,2023-09-12T07:25:11Z,,,wRAR
scrapy,scrapy,6044,10345749083,labeled,2023-09-12T11:43:40Z,,,wRAR
scrapy,scrapy,6044,10347581531,closed,2023-09-12T14:18:27Z,,,Gallaecio
scrapy,scrapy,6024,10218628948,labeled,2023-08-29T09:26:59Z,,,wRAR
scrapy,scrapy,6024,10221951833,referenced,2023-08-29T14:18:51Z,f95c3e3b83f63cd13e4d56d2270d0497605e975a,https://api.github.com/repos/apify/actor-templates/commits/f95c3e3b83f63cd13e4d56d2270d0497605e975a,vdusek
scrapy,scrapy,6024,10223395845,referenced,2023-08-29T16:20:57Z,b532b4ce35b3db2162e17939a7ca35bfdb79e8d7,https://api.github.com/repos/adgramigna/job-board-scraper/commits/b532b4ce35b3db2162e17939a7ca35bfdb79e8d7,adgramigna
scrapy,scrapy,6024,10241572953,referenced,2023-08-31T08:24:58Z,0feccc8633d7839de80a36ed5bb0fad0dcc54339,https://api.github.com/repos/juniorguru/junior.guru/commits/0feccc8633d7839de80a36ed5bb0fad0dcc54339,honzajavorek
scrapy,scrapy,6024,10259443511,referenced,2023-09-01T17:14:42Z,67c0b74f093e14348cb0e7afe777c215522e64c8,https://api.github.com/repos/ZetsuBouKyo/ZetsuBou/commits/67c0b74f093e14348cb0e7afe777c215522e64c8,ZetsuBouKyo
scrapy,scrapy,6024,10324219728,referenced,2023-09-09T12:34:20Z,8e679f65f6dade93aa6f9e2131edd1033c4bfef5,https://api.github.com/repos/flother/weather_stations_iceland/commits/8e679f65f6dade93aa6f9e2131edd1033c4bfef5,flother
scrapy,scrapy,6024,10362120491,milestoned,2023-09-13T16:53:17Z,,,wRAR
scrapy,scrapy,6024,10678329665,closed,2023-10-17T13:08:25Z,,,wRAR
scrapy,scrapy,6024,11884283123,referenced,2024-02-22T01:06:27Z,9154d9756f4481f4e38ced12cec5e042ef89c963,https://api.github.com/repos/NoNameItem/read-comics/commits/9154d9756f4481f4e38ced12cec5e042ef89c963,NoNameItem
scrapy,scrapy,6024,12416800403,referenced,2024-04-10T06:01:22Z,1e4bb45bf1a4c9a172d5a569d248eb8e45a2e00b,https://api.github.com/repos/y10h/r2d2/commits/1e4bb45bf1a4c9a172d5a569d248eb8e45a2e00b,y10h
scrapy,scrapy,6024,16642412967,referenced,2025-03-08T14:50:20Z,a6988ba422b903faaeacb0c4b89e11dcc54149ad,https://api.github.com/repos/Mrdopplereffekt/job-board-scraper/commits/a6988ba422b903faaeacb0c4b89e11dcc54149ad,Mrdopplereffekt
scrapy,scrapy,6008,10056798675,labeled,2023-08-10T09:16:33Z,,,Gallaecio
scrapy,scrapy,6008,10056798682,labeled,2023-08-10T09:16:33Z,,,Gallaecio
scrapy,scrapy,6008,10056798690,labeled,2023-08-10T09:16:33Z,,,Gallaecio
scrapy,scrapy,6008,10058436290,closed,2023-08-10T11:48:45Z,,,Gallaecio
scrapy,scrapy,5992,9976202182,labeled,2023-08-01T12:50:59Z,,,wRAR
scrapy,scrapy,5992,9976202186,labeled,2023-08-01T12:50:59Z,,,wRAR
scrapy,scrapy,5992,9979774749,closed,2023-08-01T18:19:00Z,,,wRAR
scrapy,scrapy,5990,9945560746,labeled,2023-07-28T08:40:41Z,,,wRAR
scrapy,scrapy,5990,9945561324,labeled,2023-07-28T08:40:46Z,,,wRAR
scrapy,scrapy,5990,26513378126,closed,2026-06-09T08:40:02Z,,,wRAR
scrapy,scrapy,5989,9923238385,labeled,2023-07-26T12:01:39Z,,,kmike
scrapy,scrapy,5989,9923239016,labeled,2023-07-26T12:01:44Z,,,kmike
scrapy,scrapy,5989,10433427714,milestoned,2023-09-21T10:29:49Z,,,wRAR
scrapy,scrapy,5989,10438923296,assigned,2023-09-21T18:16:25Z,,,wRAR
scrapy,scrapy,5989,10681442770,closed,2023-10-17T17:07:14Z,,,Gallaecio
scrapy,scrapy,5961,9629327169,labeled,2023-06-25T10:08:49Z,,,wRAR
scrapy,scrapy,5961,9629327171,labeled,2023-06-25T10:08:49Z,,,wRAR
scrapy,scrapy,5961,23982006540,closed,2026-03-27T18:46:20Z,,,wRAR
scrapy,scrapy,5959,9596961371,labeled,2023-06-21T17:50:43Z,,,wRAR
scrapy,scrapy,5959,9626684028,closed,2023-06-24T14:23:19Z,,,wRAR
scrapy,scrapy,5959,9656157662,mentioned,2023-06-27T19:14:55Z,,,Prometheus3375
scrapy,scrapy,5959,9656157690,subscribed,2023-06-27T19:14:55Z,,,Prometheus3375
scrapy,scrapy,5957,9582274527,labeled,2023-06-20T17:18:38Z,,,wRAR
scrapy,scrapy,5957,9582274539,labeled,2023-06-20T17:18:38Z,,,wRAR
scrapy,scrapy,5957,9582275976,renamed,2023-06-20T17:18:43Z,,,wRAR
scrapy,scrapy,5957,10038205341,closed,2023-08-08T17:19:15Z,,,wRAR
scrapy,scrapy,5936,9280910705,labeled,2023-05-18T15:08:31Z,,,Gallaecio
scrapy,scrapy,5936,9280910714,labeled,2023-05-18T15:08:31Z,,,Gallaecio
scrapy,scrapy,5936,9296339778,renamed,2023-05-21T17:39:03Z,,,wRAR
scrapy,scrapy,5936,10528292325,closed,2023-10-02T16:40:28Z,,,wRAR
scrapy,scrapy,5933,9245042607,labeled,2023-05-15T10:43:28Z,,,wRAR
scrapy,scrapy,5933,9245042616,labeled,2023-05-15T10:43:28Z,,,wRAR
scrapy,scrapy,5933,9245042621,labeled,2023-05-15T10:43:28Z,,,wRAR
scrapy,scrapy,5933,9629268983,closed,2023-06-25T09:41:24Z,,,wRAR
scrapy,scrapy,5932,9245024515,labeled,2023-05-15T10:41:33Z,,,wRAR
scrapy,scrapy,5932,11876392619,closed,2024-02-21T13:27:43Z,,,Gallaecio
scrapy,scrapy,5886,8937709849,labeled,2023-04-05T17:31:01Z,,,wRAR
scrapy,scrapy,5886,8937709857,labeled,2023-04-05T17:31:01Z,,,wRAR
scrapy,scrapy,5886,8937709863,labeled,2023-04-05T17:31:01Z,,,wRAR
scrapy,scrapy,5886,9148956109,closed,2023-05-02T19:05:32Z,,,wRAR
scrapy,scrapy,5878,8861114342,labeled,2023-03-28T06:12:28Z,,,Gallaecio
scrapy,scrapy,5878,8861114353,labeled,2023-03-28T06:12:28Z,,,Gallaecio
scrapy,scrapy,5878,8866874978,mentioned,2023-03-28T15:28:32Z,,,jxlil
scrapy,scrapy,5878,8866874990,subscribed,2023-03-28T15:28:32Z,,,jxlil
scrapy,scrapy,5878,8867035655,assigned,2023-03-28T15:44:04Z,,,xt1033
scrapy,scrapy,5878,8868337285,referenced,2023-03-28T18:07:01Z,46bb7b31d1d4ea351615ae890286e40b6d0a82c4,https://api.github.com/repos/xt1033/scrapy/commits/46bb7b31d1d4ea351615ae890286e40b6d0a82c4,xt1033
scrapy,scrapy,5878,8873198076,closed,2023-03-29T08:06:10Z,,,wRAR
scrapy,scrapy,5878,8873200968,referenced,2023-03-29T08:06:28Z,4249fc64d19088a4cd93cb2271f256b695cd734b,https://api.github.com/repos/scrapy/scrapy/commits/4249fc64d19088a4cd93cb2271f256b695cd734b,wRAR
scrapy,scrapy,5875,8852854700,labeled,2023-03-27T11:07:45Z,,,Gallaecio
scrapy,scrapy,5875,8852854709,labeled,2023-03-27T11:07:45Z,,,Gallaecio
scrapy,scrapy,5875,8852854714,labeled,2023-03-27T11:07:45Z,,,Gallaecio
scrapy,scrapy,5875,8852854806,mentioned,2023-03-27T11:07:46Z,,,Laerte
scrapy,scrapy,5875,8852854828,subscribed,2023-03-27T11:07:46Z,,,Laerte
scrapy,scrapy,5875,8863329316,closed,2023-03-28T10:05:49Z,,,wRAR
scrapy,scrapy,5874,8852077797,labeled,2023-03-27T09:47:57Z,,,wRAR
scrapy,scrapy,5874,8852077807,labeled,2023-03-27T09:47:57Z,,,wRAR
scrapy,scrapy,5874,8859479477,mentioned,2023-03-28T00:05:29Z,,,tstauder
scrapy,scrapy,5874,8859479485,subscribed,2023-03-28T00:05:29Z,,,tstauder
scrapy,scrapy,5874,8872638379,assigned,2023-03-29T07:04:35Z,,,jmannoop
scrapy,scrapy,5874,8973079818,mentioned,2023-04-11T12:27:35Z,,,Gallaecio
scrapy,scrapy,5874,8973079828,subscribed,2023-04-11T12:27:35Z,,,Gallaecio
scrapy,scrapy,5874,8973320274,unassigned,2023-04-11T12:52:34Z,,,jmannoop
scrapy,scrapy,5874,8973331118,mentioned,2023-04-11T12:53:21Z,,,
scrapy,scrapy,5874,8973331139,subscribed,2023-04-11T12:53:21Z,,,
scrapy,scrapy,5874,8976014571,closed,2023-04-11T16:25:43Z,,,Gallaecio
scrapy,scrapy,5872,8847471287,renamed,2023-03-26T15:30:19Z,,,jelgun
scrapy,scrapy,5872,8852928681,renamed,2023-03-27T11:14:59Z,,,Gallaecio
scrapy,scrapy,5872,8852939029,labeled,2023-03-27T11:16:02Z,,,Gallaecio
scrapy,scrapy,5872,8866214547,assigned,2023-03-28T14:30:59Z,,,serhii73
scrapy,scrapy,5872,8994882756,closed,2023-04-13T09:44:22Z,,,Gallaecio
scrapy,scrapy,5857,8839817133,labeled,2023-03-24T15:01:33Z,,,wRAR
scrapy,scrapy,5857,8839817143,labeled,2023-03-24T15:01:33Z,,,wRAR
scrapy,scrapy,5857,8839817150,labeled,2023-03-24T15:01:33Z,,,wRAR
scrapy,scrapy,5857,8840205740,assigned,2023-03-24T15:38:16Z,,,wRAR
scrapy,scrapy,5857,8852637033,closed,2023-03-27T10:44:46Z,,,Gallaecio
scrapy,scrapy,5857,8998489692,referenced,2023-04-13T15:36:02Z,fdf8ce94af1c26fdad008507e6b30d934bc13091,https://api.github.com/repos/archlinux/svntogit-community/commits/fdf8ce94af1c26fdad008507e6b30d934bc13091,archlinux-github
scrapy,scrapy,5857,8998489870,referenced,2023-04-13T15:36:03Z,669f5a9b73df4cfd34bced9d1273724a5178cd1e,https://api.github.com/repos/archlinux/svntogit-community/commits/669f5a9b73df4cfd34bced9d1273724a5178cd1e,archlinux-github
scrapy,scrapy,5831,8537540745,renamed,2023-02-16T14:29:30Z,,,wRAR
scrapy,scrapy,5831,8537541470,labeled,2023-02-16T14:29:35Z,,,wRAR
scrapy,scrapy,5831,8537541487,labeled,2023-02-16T14:29:35Z,,,wRAR
scrapy,scrapy,5831,8740540437,closed,2023-03-14T08:31:15Z,,,Gallaecio
scrapy,scrapy,5825,8439170513,labeled,2023-02-04T20:42:58Z,,,wRAR
scrapy,scrapy,5825,8439170514,labeled,2023-02-04T20:42:58Z,,,wRAR
scrapy,scrapy,5825,8512730240,closed,2023-02-14T08:40:40Z,,,Gallaecio
scrapy,scrapy,5819,8399045471,labeled,2023-01-31T12:51:25Z,,,Gallaecio
scrapy,scrapy,5819,8399086879,labeled,2023-01-31T12:55:59Z,,,Gallaecio
scrapy,scrapy,5819,8426269447,referenced,2023-02-02T22:51:15Z,aed67a900ee4b047ebfd19bb1391d0a9c37f388b,https://api.github.com/repos/mtabbasi/scrapy/commits/aed67a900ee4b047ebfd19bb1391d0a9c37f388b,mtabbasi
scrapy,scrapy,5819,8719268942,closed,2023-03-10T15:20:17Z,,,Gallaecio
scrapy,scrapy,5811,8379355856,labeled,2023-01-28T09:10:10Z,,,wRAR
scrapy,scrapy,5811,8385794005,labeled,2023-01-30T09:17:01Z,,,Gallaecio
scrapy,scrapy,5811,8683494259,closed,2023-03-07T09:27:01Z,,,Gallaecio
scrapy,scrapy,5811,8987045526,mentioned,2023-04-12T15:26:44Z,,,Gallaecio
scrapy,scrapy,5811,8987045556,subscribed,2023-04-12T15:26:44Z,,,Gallaecio
scrapy,scrapy,5785,8169599192,labeled,2023-01-06T14:08:19Z,,,wRAR
scrapy,scrapy,5785,8169599197,labeled,2023-01-06T14:08:19Z,,,wRAR
scrapy,scrapy,5785,8175319254,closed,2023-01-07T19:48:41Z,,,wRAR
scrapy,scrapy,5765,8067118240,labeled,2022-12-19T08:42:09Z,,,wRAR
scrapy,scrapy,5765,8067118241,labeled,2022-12-19T08:42:09Z,,,wRAR
scrapy,scrapy,5765,8067118245,labeled,2022-12-19T08:42:09Z,,,wRAR
scrapy,scrapy,5765,8077118934,milestoned,2022-12-20T10:30:23Z,,,wRAR
scrapy,scrapy,5765,8171553530,closed,2023-01-06T18:51:09Z,,,Gallaecio
scrapy,scrapy,5762,8047862911,labeled,2022-12-15T14:32:47Z,,,wRAR
scrapy,scrapy,5762,8047862914,labeled,2022-12-15T14:32:47Z,,,wRAR
scrapy,scrapy,5762,8047862946,milestoned,2022-12-15T14:32:47Z,,,wRAR
scrapy,scrapy,5762,8137995526,closed,2023-01-02T15:13:46Z,,,wRAR
scrapy,scrapy,5750,7998831255,labeled,2022-12-09T13:41:50Z,,,wRAR
scrapy,scrapy,5750,7998831265,labeled,2022-12-09T13:41:50Z,,,wRAR
scrapy,scrapy,5750,8006245420,mentioned,2022-12-11T01:30:15Z,,,wRAR
scrapy,scrapy,5750,8006245424,subscribed,2022-12-11T01:30:15Z,,,wRAR
scrapy,scrapy,5750,8017329915,closed,2022-12-12T18:49:25Z,,,wRAR
scrapy,scrapy,5749,7996059789,labeled,2022-12-09T07:17:29Z,,,wRAR
scrapy,scrapy,5749,7996059792,labeled,2022-12-09T07:17:29Z,,,wRAR
scrapy,scrapy,5749,8047793734,milestoned,2022-12-15T14:25:32Z,,,wRAR
scrapy,scrapy,5749,8171565779,closed,2023-01-06T18:53:21Z,,,Gallaecio
scrapy,scrapy,5740,7915357507,labeled,2022-11-29T18:32:23Z,,,wRAR
scrapy,scrapy,5740,7915357509,labeled,2022-11-29T18:32:23Z,,,wRAR
scrapy,scrapy,5740,7915357511,labeled,2022-11-29T18:32:23Z,,,wRAR
scrapy,scrapy,5740,7915357513,labeled,2022-11-29T18:32:24Z,,,wRAR
scrapy,scrapy,5740,7915580701,milestoned,2022-11-29T19:02:19Z,,,wRAR
scrapy,scrapy,5740,7932862392,renamed,2022-12-01T15:11:02Z,,,wRAR
scrapy,scrapy,5740,7998310084,referenced,2022-12-09T12:30:30Z,477ddc6a42774433537e0b9c592aaf24fdf60da8,https://api.github.com/repos/alexpdev/scrapy/commits/477ddc6a42774433537e0b9c592aaf24fdf60da8,alexpdev
scrapy,scrapy,5740,8043775670,closed,2022-12-15T05:22:02Z,,,wRAR
scrapy,scrapy,5740,8353387499,renamed,2023-01-25T10:38:53Z,,,Gallaecio
scrapy,scrapy,5740,8353404583,mentioned,2023-01-25T10:40:57Z,,,HackyRoot
scrapy,scrapy,5740,8353404594,subscribed,2023-01-25T10:40:57Z,,,HackyRoot
scrapy,scrapy,5709,7771457640,labeled,2022-11-09T09:31:44Z,,,wRAR
scrapy,scrapy,5709,7771457642,labeled,2022-11-09T09:31:44Z,,,wRAR
scrapy,scrapy,5709,7778135627,referenced,2022-11-09T23:24:16Z,dff4022c6c6b18a9c9c2ba843ed30aa938dfb73d,https://api.github.com/repos/Jtwoolbright/scrapy/commits/dff4022c6c6b18a9c9c2ba843ed30aa938dfb73d,Jtwoolbright
scrapy,scrapy,5709,7780542017,connected,2022-11-10T07:55:14Z,,,wRAR
scrapy,scrapy,5709,7783934787,closed,2022-11-10T14:38:48Z,,,Gallaecio
scrapy,scrapy,5707,7761025275,labeled,2022-11-08T10:08:24Z,,,Gallaecio
scrapy,scrapy,5707,7761025279,labeled,2022-11-08T10:08:24Z,,,Gallaecio
scrapy,scrapy,5707,8191007345,mentioned,2023-01-10T11:34:44Z,,,Shershon25
scrapy,scrapy,5707,8191007356,subscribed,2023-01-10T11:34:44Z,,,Shershon25
scrapy,scrapy,5707,8210075952,mentioned,2023-01-12T10:49:03Z,,,Gallaecio
scrapy,scrapy,5707,8210075962,subscribed,2023-01-12T10:49:03Z,,,Gallaecio
scrapy,scrapy,5707,8235566035,mentioned,2023-01-16T12:59:56Z,,,Shershon25
scrapy,scrapy,5707,8235566045,subscribed,2023-01-16T12:59:56Z,,,Shershon25
scrapy,scrapy,5707,9597083966,closed,2023-06-21T18:05:41Z,,,Gallaecio
scrapy,scrapy,5685,7628097028,labeled,2022-10-20T07:25:25Z,,,wRAR
scrapy,scrapy,5685,7628097030,labeled,2022-10-20T07:25:25Z,,,wRAR
scrapy,scrapy,5685,7628097035,labeled,2022-10-20T07:25:25Z,,,wRAR
scrapy,scrapy,5685,7636924844,mentioned,2022-10-21T03:56:32Z,,,wRAR
scrapy,scrapy,5685,7636924851,subscribed,2022-10-21T03:56:32Z,,,wRAR
scrapy,scrapy,5685,7637923441,mentioned,2022-10-21T07:16:19Z,,,shashwata27
scrapy,scrapy,5685,7637923446,subscribed,2022-10-21T07:16:19Z,,,shashwata27
scrapy,scrapy,5685,7655813802,referenced,2022-10-24T16:48:51Z,71406dd92a21872188e3f65d9ea0608c5293c7ab,https://api.github.com/repos/Godson-Gnanaraj/scrapy/commits/71406dd92a21872188e3f65d9ea0608c5293c7ab,Godson-Gnanaraj
scrapy,scrapy,5685,7681609540,closed,2022-10-27T12:02:13Z,,,Gallaecio
scrapy,scrapy,5612,7275764610,labeled,2022-08-29T07:02:15Z,,,wRAR
scrapy,scrapy,5612,7275764613,labeled,2022-08-29T07:02:15Z,,,wRAR
scrapy,scrapy,5612,7336415133,closed,2022-09-07T07:58:12Z,,,Gallaecio
scrapy,scrapy,5602,7211064437,labeled,2022-08-18T05:28:21Z,,,wRAR
scrapy,scrapy,5602,7211064440,labeled,2022-08-18T05:28:21Z,,,wRAR
scrapy,scrapy,5602,7211064442,labeled,2022-08-18T05:28:21Z,,,wRAR
scrapy,scrapy,5602,7502464496,closed,2022-10-02T19:19:09Z,,,kmike
scrapy,scrapy,5515,6752268153,labeled,2022-06-06T11:25:01Z,,,Gallaecio
scrapy,scrapy,5515,6790400878,referenced,2022-06-11T19:23:24Z,6a0bcf97cc6016cb966b92170709bc7518cf62c2,https://api.github.com/repos/mtabbasi/scrapy/commits/6a0bcf97cc6016cb966b92170709bc7518cf62c2,mtabbasi
scrapy,scrapy,5515,6887456847,closed,2022-06-27T18:03:01Z,,,kmike
scrapy,scrapy,5500,6609407531,renamed,2022-05-14T02:59:28Z,,,Nykakin
scrapy,scrapy,5500,6610416220,labeled,2022-05-14T17:41:44Z,,,Gallaecio
scrapy,scrapy,5500,6610416301,unlabeled,2022-05-14T17:41:49Z,,,Gallaecio
scrapy,scrapy,5500,6846417217,labeled,2022-06-21T11:03:20Z,,,Gallaecio
scrapy,scrapy,5500,7226416732,referenced,2022-08-20T15:07:34Z,7da5cc00682112e4d28f7a4a782d3dead6cc41ef,https://api.github.com/repos/wctjerry/crawl-etl-language-exchangers/commits/7da5cc00682112e4d28f7a4a782d3dead6cc41ef,wctjerry
scrapy,scrapy,5500,8972325298,closed,2023-04-11T11:06:14Z,,,wRAR
scrapy,scrapy,5464,6370876755,milestoned,2022-04-05T12:38:22Z,,,Gallaecio
scrapy,scrapy,5464,6370877515,labeled,2022-04-05T12:38:27Z,,,Gallaecio
scrapy,scrapy,5464,6395215076,unlabeled,2022-04-08T09:57:44Z,,,Gallaecio
scrapy,scrapy,5464,6395215079,labeled,2022-04-08T09:57:44Z,,,Gallaecio
scrapy,scrapy,5464,6395215082,labeled,2022-04-08T09:57:44Z,,,Gallaecio
scrapy,scrapy,5464,6429097632,closed,2022-04-13T17:17:45Z,,,Gallaecio
scrapy,scrapy,5454,6272976458,labeled,2022-03-21T06:16:36Z,,,wRAR
scrapy,scrapy,5454,6272976460,labeled,2022-03-21T06:16:36Z,,,wRAR
scrapy,scrapy,5454,6311297970,renamed,2022-03-26T07:55:44Z,,,wRAR
scrapy,scrapy,5454,6647630303,assigned,2022-05-20T05:15:36Z,,,Gallaecio
scrapy,scrapy,5454,6647631431,unassigned,2022-05-20T05:15:52Z,,,Gallaecio
scrapy,scrapy,5454,11467319768,closed,2024-01-12T10:26:41Z,,,wRAR
scrapy,scrapy,5444,6200650501,labeled,2022-03-08T08:19:36Z,,,wRAR
scrapy,scrapy,5444,6201060993,milestoned,2022-03-08T09:27:29Z,,,Gallaecio
scrapy,scrapy,5444,6242034121,closed,2022-03-15T10:31:07Z,,,Gallaecio
scrapy,scrapy,5437,6181512771,mentioned,2022-03-03T22:44:11Z,,,Gallaecio
scrapy,scrapy,5437,6181512782,subscribed,2022-03-03T22:44:11Z,,,Gallaecio
scrapy,scrapy,5437,6181512797,mentioned,2022-03-03T22:44:11Z,,,wRAR
scrapy,scrapy,5437,6181512800,subscribed,2022-03-03T22:44:11Z,,,wRAR
scrapy,scrapy,5437,6183788430,milestoned,2022-03-04T09:10:34Z,,,Gallaecio
scrapy,scrapy,5437,6183798937,labeled,2022-03-04T09:12:24Z,,,Gallaecio
scrapy,scrapy,5437,6193387018,assigned,2022-03-07T09:39:02Z,,,Gallaecio
scrapy,scrapy,5437,6318499039,mentioned,2022-03-28T13:23:57Z,,,Laerte
scrapy,scrapy,5437,6318499050,subscribed,2022-03-28T13:23:57Z,,,Laerte
scrapy,scrapy,5437,6395198314,closed,2022-04-08T09:55:06Z,,,Gallaecio
scrapy,scrapy,5435,6170738437,labeled,2022-03-02T13:07:12Z,,,Gallaecio
scrapy,scrapy,5435,6171457792,assigned,2022-03-02T14:48:29Z,,,Gallaecio
scrapy,scrapy,5435,6179155554,referenced,2022-03-03T15:51:56Z,e7ef04668d8b705884ce9888eb629120db3a9e24,https://api.github.com/repos/juniorguru/junior.guru/commits/e7ef04668d8b705884ce9888eb629120db3a9e24,honzajavorek
scrapy,scrapy,5435,6183789637,milestoned,2022-03-04T09:10:47Z,,,Gallaecio
scrapy,scrapy,5435,6186491183,referenced,2022-03-04T17:06:01Z,4f7bb2c96f7ee5dbcc5a699edb5c1d59dabfa797,https://api.github.com/repos/juniorguru/junior.guru/commits/4f7bb2c96f7ee5dbcc5a699edb5c1d59dabfa797,honzajavorek
scrapy,scrapy,5435,6193021272,referenced,2022-03-07T08:45:20Z,6564a1602fa0ca87e6998d24ea91fca24a5331a6,https://api.github.com/repos/juniorguru/junior.guru/commits/6564a1602fa0ca87e6998d24ea91fca24a5331a6,honzajavorek
scrapy,scrapy,5435,6201813537,referenced,2022-03-08T11:29:41Z,264f4b3d98909066e69e84a62b9dd2b7549bd9c0,https://api.github.com/repos/juniorguru/junior.guru/commits/264f4b3d98909066e69e84a62b9dd2b7549bd9c0,honzajavorek
scrapy,scrapy,5435,6249926106,referenced,2022-03-16T10:56:16Z,8e041c768bdd5ef918d099f74e85f30157a7fbd1,https://api.github.com/repos/juniorguru/junior.guru/commits/8e041c768bdd5ef918d099f74e85f30157a7fbd1,honzajavorek
scrapy,scrapy,5435,6266149671,referenced,2022-03-18T13:21:25Z,be8d8584c656842d90c052c66cef950215d412f4,https://api.github.com/repos/juniorguru/junior.guru/commits/be8d8584c656842d90c052c66cef950215d412f4,honzajavorek
scrapy,scrapy,5435,6301847281,referenced,2022-03-24T18:52:37Z,99ca3b2d175597389bcafb8c2d273b8627ee5a15,https://api.github.com/repos/juniorguru/junior.guru/commits/99ca3b2d175597389bcafb8c2d273b8627ee5a15,honzajavorek
scrapy,scrapy,5435,6389369050,closed,2022-04-07T15:00:09Z,,,Gallaecio
scrapy,scrapy,5435,7036210452,mentioned,2022-07-21T08:32:45Z,,,Gallaecio
scrapy,scrapy,5435,7036210459,subscribed,2022-07-21T08:32:45Z,,,Gallaecio
scrapy,scrapy,5425,6118214994,labeled,2022-02-22T13:50:45Z,,,Gallaecio
scrapy,scrapy,5425,6118215703,labeled,2022-02-22T13:50:51Z,,,Gallaecio
scrapy,scrapy,5425,6127255693,closed,2022-02-23T18:52:18Z,,,Gallaecio
scrapy,scrapy,5424,6110622066,labeled,2022-02-21T10:50:47Z,,,wRAR
scrapy,scrapy,5424,6110622068,labeled,2022-02-21T10:50:47Z,,,wRAR
scrapy,scrapy,5424,7066692787,referenced,2022-07-26T16:55:34Z,8b68040ea11dc22e7a82bd4befc417a3a596fc54,https://api.github.com/repos/mtabbasi/scrapy/commits/8b68040ea11dc22e7a82bd4befc417a3a596fc54,mtabbasi
scrapy,scrapy,5424,7594627565,closed,2022-10-15T08:11:07Z,,,Gallaecio
scrapy,scrapy,5414,6060311419,renamed,2022-02-13T08:43:12Z,,,anubhavp28
scrapy,scrapy,5414,6060329031,renamed,2022-02-13T08:48:58Z,,,anubhavp28
scrapy,scrapy,5414,6060865192,labeled,2022-02-13T11:41:42Z,,,Gallaecio
scrapy,scrapy,5414,6060865193,labeled,2022-02-13T11:41:42Z,,,Gallaecio
scrapy,scrapy,5414,6060865197,labeled,2022-02-13T11:41:42Z,,,Gallaecio
scrapy,scrapy,5414,6062726248,mentioned,2022-02-13T20:56:12Z,,,anubhavp28
scrapy,scrapy,5414,6062726250,subscribed,2022-02-13T20:56:12Z,,,anubhavp28
scrapy,scrapy,5414,6069217270,closed,2022-02-14T18:16:53Z,,,Gallaecio
scrapy,scrapy,5404,6028869588,labeled,2022-02-08T18:09:45Z,,,wRAR
scrapy,scrapy,5404,6028869591,labeled,2022-02-08T18:09:45Z,,,wRAR
scrapy,scrapy,5404,6040664399,closed,2022-02-10T09:50:12Z,,,Gallaecio
scrapy,scrapy,5402,6028626512,labeled,2022-02-08T17:29:58Z,,,Gallaecio
scrapy,scrapy,5402,6028626516,labeled,2022-02-08T17:29:59Z,,,Gallaecio
scrapy,scrapy,5402,15852320166,closed,2025-01-08T11:00:07Z,,,wRAR
scrapy,scrapy,5400,6019429948,labeled,2022-02-07T13:48:23Z,,,wRAR
scrapy,scrapy,5400,6019429952,labeled,2022-02-07T13:48:23Z,,,wRAR
scrapy,scrapy,5400,6029192199,closed,2022-02-08T19:06:25Z,,,wRAR
scrapy,scrapy,5391,6013960013,labeled,2022-02-05T15:49:25Z,,,elacuesta
scrapy,scrapy,5391,6013960015,labeled,2022-02-05T15:49:25Z,,,elacuesta
scrapy,scrapy,5391,6027004519,closed,2022-02-08T13:57:19Z,,,Gallaecio
scrapy,scrapy,5386,6000405379,labeled,2022-02-03T06:05:54Z,,,wRAR
scrapy,scrapy,5386,6005132162,closed,2022-02-03T19:22:24Z,,,TobiMayr
scrapy,scrapy,5386,6011481294,mentioned,2022-02-04T19:08:08Z,,,wRAR
scrapy,scrapy,5386,6011481298,subscribed,2022-02-04T19:08:08Z,,,wRAR
scrapy,scrapy,5386,6013053932,reopened,2022-02-05T06:17:36Z,,,wRAR
scrapy,scrapy,5386,6013054013,renamed,2022-02-05T06:17:42Z,,,wRAR
scrapy,scrapy,5386,6013054078,unlabeled,2022-02-05T06:17:50Z,,,wRAR
scrapy,scrapy,5386,6013054079,labeled,2022-02-05T06:17:50Z,,,wRAR
scrapy,scrapy,5386,6033319734,mentioned,2022-02-09T10:45:27Z,,,wRAR
scrapy,scrapy,5386,6033319750,subscribed,2022-02-09T10:45:27Z,,,wRAR
scrapy,scrapy,5386,6033629202,renamed,2022-02-09T11:30:01Z,,,wRAR
scrapy,scrapy,5386,6033630284,labeled,2022-02-09T11:30:11Z,,,wRAR
scrapy,scrapy,5386,7870183878,milestoned,2022-11-22T17:26:11Z,,,wRAR
scrapy,scrapy,5386,8315094668,closed,2023-01-19T18:45:00Z,,,Gallaecio
scrapy,scrapy,5383,5979227821,labeled,2022-01-31T09:21:38Z,,,wRAR
scrapy,scrapy,5383,6008023122,closed,2022-02-04T08:57:58Z,,,Gallaecio
scrapy,scrapy,5379,5956502894,labeled,2022-01-26T12:57:26Z,,,wRAR
scrapy,scrapy,5379,24493247122,closed,2026-04-14T15:13:23Z,,,wRAR
scrapy,scrapy,5323,5806755229,labeled,2021-12-22T20:45:30Z,,,Gallaecio
scrapy,scrapy,5323,7659482219,referenced,2022-10-25T03:16:32Z,9e212f7d02af476a915320380021da749a753969,https://api.github.com/repos/Godson-Gnanaraj/scrapy/commits/9e212f7d02af476a915320380021da749a753969,Godson-Gnanaraj
scrapy,scrapy,5323,7659510891,referenced,2022-10-25T03:24:39Z,b61b71c6f015d45f6e98a4280bf4993517180045,https://api.github.com/repos/Godson-Gnanaraj/scrapy/commits/b61b71c6f015d45f6e98a4280bf4993517180045,Godson-Gnanaraj
scrapy,scrapy,5323,7670159976,closed,2022-10-26T07:47:10Z,,,wRAR
scrapy,scrapy,5319,5617115866,labeled,2021-11-15T10:21:19Z,,,Gallaecio
scrapy,scrapy,5319,5798745284,closed,2021-12-21T12:49:32Z,,,wRAR
scrapy,scrapy,5306,5545027743,labeled,2021-10-31T10:42:50Z,,,Gallaecio
scrapy,scrapy,5306,5545027744,labeled,2021-10-31T10:42:50Z,,,Gallaecio
scrapy,scrapy,5306,7649854604,closed,2022-10-24T02:45:48Z,,,azzamsa
scrapy,scrapy,5306,7650881752,mentioned,2022-10-24T06:48:42Z,,,azzamsa
scrapy,scrapy,5306,7650881754,subscribed,2022-10-24T06:48:42Z,,,azzamsa
scrapy,scrapy,5306,7746082351,reopened,2022-11-05T17:05:23Z,,,wRAR
scrapy,scrapy,5306,10903176024,mentioned,2023-11-08T16:27:39Z,,,wRAR
scrapy,scrapy,5306,10903176041,subscribed,2023-11-08T16:27:39Z,,,wRAR
scrapy,scrapy,5306,11504902711,mentioned,2024-01-16T23:41:40Z,,,wRAR
scrapy,scrapy,5306,11504902721,subscribed,2024-01-16T23:41:40Z,,,wRAR
scrapy,scrapy,5306,11507614724,mentioned,2024-01-17T07:40:20Z,,,FilippoPetroli
scrapy,scrapy,5306,11507614732,subscribed,2024-01-17T07:40:20Z,,,FilippoPetroli
scrapy,scrapy,5306,11531168191,mentioned,2024-01-18T23:41:23Z,,,wRAR
scrapy,scrapy,5306,11531168197,subscribed,2024-01-18T23:41:23Z,,,wRAR
scrapy,scrapy,5306,14687283257,mentioned,2024-10-16T19:02:09Z,,,wRAR
scrapy,scrapy,5306,14687283264,subscribed,2024-10-16T19:02:09Z,,,wRAR
scrapy,scrapy,5306,14687879754,closed,2024-10-16T19:32:31Z,,,wRAR
scrapy,scrapy,5306,14687915343,mentioned,2024-10-16T19:35:41Z,,,Gallaecio
scrapy,scrapy,5306,14687915362,subscribed,2024-10-16T19:35:42Z,,,Gallaecio
scrapy,scrapy,5298,5527974874,labeled,2021-10-27T14:36:05Z,,,wRAR
scrapy,scrapy,5298,5527974877,labeled,2021-10-27T14:36:05Z,,,wRAR
scrapy,scrapy,5298,5568495861,closed,2021-11-04T14:00:15Z,,,wRAR
scrapy,scrapy,5286,5495896837,labeled,2021-10-21T04:54:07Z,,,Gallaecio
scrapy,scrapy,5286,5503739593,renamed,2021-10-22T09:40:56Z,,,Gallaecio
scrapy,scrapy,5286,6201031709,closed,2022-03-08T09:22:57Z,,,Gallaecio
scrapy,scrapy,5273,5449419799,labeled,2021-10-12T12:53:24Z,,,wRAR
scrapy,scrapy,5273,5449419801,labeled,2021-10-12T12:53:24Z,,,wRAR
scrapy,scrapy,5273,5449419808,labeled,2021-10-12T12:53:24Z,,,wRAR
scrapy,scrapy,5273,5449737325,labeled,2021-10-12T13:42:17Z,,,Gallaecio
scrapy,scrapy,5273,5451089877,closed,2021-10-12T17:20:09Z,,,Gallaecio
scrapy,scrapy,5237,5248789366,mentioned,2021-09-02T16:43:28Z,,,jpmckinney
scrapy,scrapy,5237,5248789371,subscribed,2021-09-02T16:43:28Z,,,jpmckinney
scrapy,scrapy,5237,5248789378,mentioned,2021-09-02T16:43:28Z,,,elacuesta
scrapy,scrapy,5237,5248789380,subscribed,2021-09-02T16:43:28Z,,,elacuesta
scrapy,scrapy,5237,5328410656,labeled,2021-09-20T13:41:18Z,,,Gallaecio
scrapy,scrapy,5237,5328411093,milestoned,2021-09-20T13:41:22Z,,,Gallaecio
scrapy,scrapy,5237,5392534579,closed,2021-10-01T07:50:42Z,,,Gallaecio
scrapy,scrapy,5220,5096751057,labeled,2021-08-02T05:15:19Z,,,wRAR
scrapy,scrapy,5220,5096751061,labeled,2021-08-02T05:15:19Z,,,wRAR
scrapy,scrapy,5220,5137413467,mentioned,2021-08-10T19:42:20Z,,,Marghis
scrapy,scrapy,5220,5137413473,subscribed,2021-08-10T19:42:20Z,,,Marghis
scrapy,scrapy,5220,5139486403,mentioned,2021-08-11T05:28:23Z,,,Marghis
scrapy,scrapy,5220,5139486406,subscribed,2021-08-11T05:28:23Z,,,Marghis
scrapy,scrapy,5220,5140587878,labeled,2021-08-11T08:59:15Z,,,Gallaecio
scrapy,scrapy,5220,15921495503,mentioned,2025-01-14T11:19:59Z,,,wRAR
scrapy,scrapy,5220,15921495516,subscribed,2025-01-14T11:19:59Z,,,wRAR
scrapy,scrapy,5220,15921495529,mentioned,2025-01-14T11:19:59Z,,,Gallaecio
scrapy,scrapy,5220,15921495537,subscribed,2025-01-14T11:19:59Z,,,Gallaecio
scrapy,scrapy,5220,15921495547,mentioned,2025-01-14T11:19:59Z,,,dainztexas
scrapy,scrapy,5220,15921495554,subscribed,2025-01-14T11:19:59Z,,,dainztexas
scrapy,scrapy,5220,15921766243,closed,2025-01-14T11:44:44Z,,,Laerte
scrapy,scrapy,5212,5042669137,labeled,2021-07-20T07:44:51Z,,,wRAR
scrapy,scrapy,5212,5042669142,labeled,2021-07-20T07:44:51Z,,,wRAR
scrapy,scrapy,5212,5140718197,closed,2021-08-11T09:19:51Z,,,wRAR
scrapy,scrapy,5180,4890269555,labeled,2021-06-15T08:58:17Z,,,wRAR
scrapy,scrapy,5180,4890269556,labeled,2021-06-15T08:58:17Z,,,wRAR
scrapy,scrapy,5180,4890269559,labeled,2021-06-15T08:58:17Z,,,wRAR
scrapy,scrapy,5180,4953409585,closed,2021-06-29T12:54:23Z,,,wRAR
scrapy,scrapy,5157,4787179706,labeled,2021-05-24T15:01:41Z,,,wRAR
scrapy,scrapy,5157,4787179709,labeled,2021-05-24T15:01:41Z,,,wRAR
scrapy,scrapy,5157,4891320551,labeled,2021-06-15T12:26:36Z,,,wRAR
scrapy,scrapy,5157,4969421522,referenced,2021-07-02T05:24:11Z,70fa2aae9bc0f883c02bbcced943d09c0a37853b,https://api.github.com/repos/Mannan2812/scrapy/commits/70fa2aae9bc0f883c02bbcced943d09c0a37853b,Mannan2812
scrapy,scrapy,5157,5119349374,closed,2021-08-05T19:23:12Z,,,Gallaecio
scrapy,scrapy,5154,4776981946,renamed,2021-05-21T03:30:40Z,,,luisotaviocap98
scrapy,scrapy,5154,4787182574,labeled,2021-05-24T15:02:07Z,,,wRAR
scrapy,scrapy,5154,4787182577,labeled,2021-05-24T15:02:07Z,,,wRAR
scrapy,scrapy,5154,4787182580,labeled,2021-05-24T15:02:07Z,,,wRAR
scrapy,scrapy,5154,4790370794,unlabeled,2021-05-25T06:26:48Z,,,wRAR
scrapy,scrapy,5154,10800221869,closed,2023-10-29T17:06:14Z,,,wRAR
scrapy,scrapy,5154,10850303838,unsubscribed,2023-11-03T00:18:41Z,,,laggardkernel
scrapy,scrapy,5154,10850303962,subscribed,2023-11-03T00:18:42Z,,,laggardkernel
scrapy,scrapy,5105,4620164267,labeled,2021-04-20T16:01:00Z,,,wRAR
scrapy,scrapy,5105,4620164270,labeled,2021-04-20T16:01:00Z,,,wRAR
scrapy,scrapy,5105,4632378050,unlabeled,2021-04-22T17:28:21Z,,,wRAR
scrapy,scrapy,5105,4638944359,mentioned,2021-04-23T21:35:42Z,,,dchaplinsky
scrapy,scrapy,5105,4638944370,subscribed,2021-04-23T21:35:42Z,,,dchaplinsky
scrapy,scrapy,5105,4638955416,mentioned,2021-04-23T21:39:43Z,,,dchaplinsky
scrapy,scrapy,5105,4638955419,subscribed,2021-04-23T21:39:43Z,,,dchaplinsky
scrapy,scrapy,5105,4639840883,mentioned,2021-04-24T11:13:27Z,,,dchaplinsky
scrapy,scrapy,5105,4639840884,subscribed,2021-04-24T11:13:27Z,,,dchaplinsky
scrapy,scrapy,5105,4639840885,mentioned,2021-04-24T11:13:27Z,,,Gallaecio
scrapy,scrapy,5105,4639840886,subscribed,2021-04-24T11:13:27Z,,,Gallaecio
scrapy,scrapy,5105,4640887069,mentioned,2021-04-25T08:17:38Z,,,GeorgeA92
scrapy,scrapy,5105,4640887070,subscribed,2021-04-25T08:17:38Z,,,GeorgeA92
scrapy,scrapy,5105,4641070246,mentioned,2021-04-25T11:29:56Z,,,dchaplinsky
scrapy,scrapy,5105,4641070248,subscribed,2021-04-25T11:29:56Z,,,dchaplinsky
scrapy,scrapy,5105,4641070251,mentioned,2021-04-25T11:29:57Z,,,Gallaecio
scrapy,scrapy,5105,4641070253,subscribed,2021-04-25T11:29:57Z,,,Gallaecio
scrapy,scrapy,5105,4641592040,mentioned,2021-04-25T20:12:29Z,,,omab
scrapy,scrapy,5105,4641592041,subscribed,2021-04-25T20:12:29Z,,,omab
scrapy,scrapy,5105,4641627211,mentioned,2021-04-25T20:50:15Z,,,dchaplinsky
scrapy,scrapy,5105,4641627213,subscribed,2021-04-25T20:50:15Z,,,dchaplinsky
scrapy,scrapy,5105,4641726333,mentioned,2021-04-25T22:44:35Z,,,dchaplinsky
scrapy,scrapy,5105,4641726334,subscribed,2021-04-25T22:44:35Z,,,dchaplinsky
scrapy,scrapy,5105,4641752722,mentioned,2021-04-25T23:16:02Z,,,dchaplinsky
scrapy,scrapy,5105,4641752723,subscribed,2021-04-25T23:16:02Z,,,dchaplinsky
scrapy,scrapy,5105,4646534089,closed,2021-04-26T18:09:23Z,,,Gallaecio
scrapy,scrapy,5105,4646534103,mentioned,2021-04-26T18:09:23Z,,,dchaplinsky
scrapy,scrapy,5105,4646534106,subscribed,2021-04-26T18:09:23Z,,,dchaplinsky
scrapy,scrapy,5105,4646534113,mentioned,2021-04-26T18:09:24Z,,,GeorgeA92
scrapy,scrapy,5105,4646534117,subscribed,2021-04-26T18:09:24Z,,,GeorgeA92
scrapy,scrapy,5105,4650963693,mentioned,2021-04-27T13:46:53Z,,,Gallaecio
scrapy,scrapy,5105,4650963696,subscribed,2021-04-27T13:46:53Z,,,Gallaecio
scrapy,scrapy,5105,4711940932,mentioned,2021-05-09T21:43:32Z,,,dchaplinsky
scrapy,scrapy,5105,4711940935,subscribed,2021-05-09T21:43:32Z,,,dchaplinsky
scrapy,scrapy,5096,4578688831,labeled,2021-04-11T15:50:51Z,,,wRAR
scrapy,scrapy,5096,4646684119,referenced,2021-04-26T18:43:23Z,f145d8c6ab2105f9c1aec94edd016095876c6a54,https://api.github.com/repos/marlenachatzigrigoriou/scrapy/commits/f145d8c6ab2105f9c1aec94edd016095876c6a54,mmitropoulou
scrapy,scrapy,5096,4660570573,mentioned,2021-04-29T06:07:26Z,,,Gallaecio
scrapy,scrapy,5096,4660570577,subscribed,2021-04-29T06:07:26Z,,,Gallaecio
scrapy,scrapy,5096,4660570579,mentioned,2021-04-29T06:07:26Z,,,wRAR
scrapy,scrapy,5096,4660570582,subscribed,2021-04-29T06:07:26Z,,,wRAR
scrapy,scrapy,5096,4940095326,referenced,2021-06-25T13:34:43Z,b713a38babd97a55d5fd19873eb85041b657a3ba,https://api.github.com/repos/marlenachatzigrigoriou/scrapy/commits/b713a38babd97a55d5fd19873eb85041b657a3ba,mmitropoulou
scrapy,scrapy,5096,6656113037,referenced,2022-05-22T12:46:58Z,e4fa7b5dfc37e1ba2429db5433031b1a07c3e0d3,https://api.github.com/repos/AngelikiBoura/scrapy/commits/e4fa7b5dfc37e1ba2429db5433031b1a07c3e0d3,andreastziortz
scrapy,scrapy,5096,10303003272,closed,2023-09-07T05:47:44Z,,,Gallaecio
scrapy,scrapy,5096,10303004808,referenced,2023-09-07T05:48:01Z,721df895f9ea9d8073c13fbd2f75a6fbdc75ffc7,https://api.github.com/repos/scrapy/scrapy/commits/721df895f9ea9d8073c13fbd2f75a6fbdc75ffc7,Gallaecio
scrapy,scrapy,5085,4562107181,labeled,2021-04-07T12:12:04Z,,,wRAR
scrapy,scrapy,5085,4562107182,labeled,2021-04-07T12:12:04Z,,,wRAR
scrapy,scrapy,5085,4594824924,closed,2021-04-14T17:02:00Z,,,wRAR
scrapy,scrapy,5080,4550948101,labeled,2021-04-05T09:46:24Z,,,Gallaecio
scrapy,scrapy,5080,4550948102,labeled,2021-04-05T09:46:24Z,,,Gallaecio
scrapy,scrapy,5080,4623857526,closed,2021-04-21T09:30:50Z,,,wRAR
scrapy,scrapy,5080,4623884418,referenced,2021-04-21T09:36:02Z,595146e158b1efec432b35128aab59878da81295,https://api.github.com/repos/scrapy/scrapy/commits/595146e158b1efec432b35128aab59878da81295,Gallaecio
scrapy,scrapy,5079,4550427878,labeled,2021-04-05T07:08:04Z,,,Gallaecio
scrapy,scrapy,5079,4550427894,mentioned,2021-04-05T07:08:05Z,,,apalala
scrapy,scrapy,5079,4550427896,subscribed,2021-04-05T07:08:05Z,,,apalala
scrapy,scrapy,5079,4550428221,labeled,2021-04-05T07:08:11Z,,,Gallaecio
scrapy,scrapy,5079,4551321291,mentioned,2021-04-05T11:53:44Z,,,Gallaecio
scrapy,scrapy,5079,4551321295,subscribed,2021-04-05T11:53:44Z,,,Gallaecio
scrapy,scrapy,5079,4551636094,mentioned,2021-04-05T13:32:03Z,,,marlenachatzigrigoriou
scrapy,scrapy,5079,4551636096,subscribed,2021-04-05T13:32:03Z,,,marlenachatzigrigoriou
scrapy,scrapy,5079,4553587790,mentioned,2021-04-05T22:00:20Z,,,apalala
scrapy,scrapy,5079,4553587792,subscribed,2021-04-05T22:00:20Z,,,apalala
scrapy,scrapy,5079,4553587800,mentioned,2021-04-05T22:00:20Z,,,Gallaecio
scrapy,scrapy,5079,4553587802,subscribed,2021-04-05T22:00:20Z,,,Gallaecio
scrapy,scrapy,5079,4555406790,mentioned,2021-04-06T08:41:33Z,,,apalala
scrapy,scrapy,5079,4555406799,subscribed,2021-04-06T08:41:33Z,,,apalala
scrapy,scrapy,5079,4575016336,mentioned,2021-04-09T15:14:47Z,,,Gallaecio
scrapy,scrapy,5079,4575016338,subscribed,2021-04-09T15:14:47Z,,,Gallaecio
scrapy,scrapy,5079,4583544307,mentioned,2021-04-12T17:06:17Z,,,apalala
scrapy,scrapy,5079,4583544311,subscribed,2021-04-12T17:06:17Z,,,apalala
scrapy,scrapy,5079,4586841468,mentioned,2021-04-13T09:11:43Z,,,marlenachatzigrigoriou
scrapy,scrapy,5079,4586841474,subscribed,2021-04-13T09:11:43Z,,,marlenachatzigrigoriou
scrapy,scrapy,5079,4587175579,referenced,2021-04-13T10:18:47Z,471c1c64bd2fc87287941c576407fd73df1c1f70,https://api.github.com/repos/marlenachatzigrigoriou/scrapy/commits/471c1c64bd2fc87287941c576407fd73df1c1f70,marlenachatzigrigoriou
scrapy,scrapy,5079,4588725270,referenced,2021-04-13T15:17:36Z,d5a475862fcc06dd6072f3acec5bfc33e0a95bac,https://api.github.com/repos/marlenachatzigrigoriou/scrapy/commits/d5a475862fcc06dd6072f3acec5bfc33e0a95bac,marlenachatzigrigoriou
scrapy,scrapy,5079,4594079026,referenced,2021-04-14T14:43:16Z,fdcb2f19fb3eabfb9fa77727f7e3578c5232080d,https://api.github.com/repos/marlenachatzigrigoriou/scrapy/commits/fdcb2f19fb3eabfb9fa77727f7e3578c5232080d,marlenachatzigrigoriou
scrapy,scrapy,5079,4595852842,referenced,2021-04-14T21:05:13Z,4b96d813f22b93b6795eb6b84e69fec9a3037d95,https://api.github.com/repos/marlenachatzigrigoriou/scrapy/commits/4b96d813f22b93b6795eb6b84e69fec9a3037d95,marlenachatzigrigoriou
scrapy,scrapy,5079,4640036697,referenced,2021-04-24T14:55:04Z,8c9a95d3ccead4ad3e2d50c1a0012c3bebad7ad8,https://api.github.com/repos/marlenachatzigrigoriou/scrapy/commits/8c9a95d3ccead4ad3e2d50c1a0012c3bebad7ad8,marlenachatzigrigoriou
scrapy,scrapy,5079,4646940854,mentioned,2021-04-26T19:33:49Z,,,apalala
scrapy,scrapy,5079,4646940859,subscribed,2021-04-26T19:33:49Z,,,apalala
scrapy,scrapy,5079,4649940610,referenced,2021-04-27T10:13:07Z,1ec5646328c3fa6b632b95778fa3754fa9d30313,https://api.github.com/repos/marlenachatzigrigoriou/scrapy/commits/1ec5646328c3fa6b632b95778fa3754fa9d30313,marlenachatzigrigoriou
scrapy,scrapy,5079,4651862598,mentioned,2021-04-27T16:17:37Z,,,apalala
scrapy,scrapy,5079,4651862603,subscribed,2021-04-27T16:17:37Z,,,apalala
scrapy,scrapy,5079,4651862607,mentioned,2021-04-27T16:17:37Z,,,spittieUM
scrapy,scrapy,5079,4651862608,subscribed,2021-04-27T16:17:37Z,,,spittieUM
scrapy,scrapy,5079,4651862609,mentioned,2021-04-27T16:17:37Z,,,marlenachatzigrigoriou
scrapy,scrapy,5079,4651862613,subscribed,2021-04-27T16:17:37Z,,,marlenachatzigrigoriou
scrapy,scrapy,5079,4653040168,mentioned,2021-04-27T20:32:25Z,,,Gallaecio
scrapy,scrapy,5079,4653040171,subscribed,2021-04-27T20:32:26Z,,,Gallaecio
scrapy,scrapy,5079,4694175566,referenced,2021-05-06T10:03:16Z,d4cb06073bead610d55063ab7de043d011c3d204,https://api.github.com/repos/marlenachatzigrigoriou/scrapy/commits/d4cb06073bead610d55063ab7de043d011c3d204,marlenachatzigrigoriou
scrapy,scrapy,5079,4705130857,mentioned,2021-05-07T23:08:38Z,,,Gallaecio
scrapy,scrapy,5079,4705130859,subscribed,2021-05-07T23:08:38Z,,,Gallaecio
scrapy,scrapy,5079,4714393705,mentioned,2021-05-10T07:28:38Z,,,apalala
scrapy,scrapy,5079,4714393709,subscribed,2021-05-10T07:28:38Z,,,apalala
scrapy,scrapy,5079,4717303335,mentioned,2021-05-10T13:50:04Z,,,apalala
scrapy,scrapy,5079,4717303341,subscribed,2021-05-10T13:50:04Z,,,apalala
scrapy,scrapy,5079,4717303349,mentioned,2021-05-10T13:50:04Z,,,Gallaecio
scrapy,scrapy,5079,4717303359,subscribed,2021-05-10T13:50:04Z,,,Gallaecio
scrapy,scrapy,5079,5015023570,closed,2021-07-13T16:27:56Z,,,Gallaecio
scrapy,scrapy,5079,5015023601,mentioned,2021-07-13T16:27:56Z,,,marlenachatzigrigoriou
scrapy,scrapy,5079,5015023607,subscribed,2021-07-13T16:27:56Z,,,marlenachatzigrigoriou
scrapy,scrapy,5079,5015170116,mentioned,2021-07-13T16:57:07Z,,,Gallaecio
scrapy,scrapy,5079,5015170118,subscribed,2021-07-13T16:57:07Z,,,Gallaecio
scrapy,scrapy,5043,4469111158,labeled,2021-03-17T09:38:19Z,,,Gallaecio
scrapy,scrapy,5043,4677113423,mentioned,2021-05-03T09:20:13Z,,,mmitropoulou
scrapy,scrapy,5043,4677113428,subscribed,2021-05-03T09:20:13Z,,,mmitropoulou
scrapy,scrapy,5043,4740914899,mentioned,2021-05-13T09:20:57Z,,,Gallaecio
scrapy,scrapy,5043,4740914905,subscribed,2021-05-13T09:20:58Z,,,Gallaecio
scrapy,scrapy,5043,4740914913,mentioned,2021-05-13T09:20:58Z,,,mmaybeno
scrapy,scrapy,5043,4740914915,subscribed,2021-05-13T09:20:58Z,,,mmaybeno
scrapy,scrapy,5043,4750103992,mentioned,2021-05-15T15:27:28Z,,,Gallaecio
scrapy,scrapy,5043,4750103995,subscribed,2021-05-15T15:27:28Z,,,Gallaecio
scrapy,scrapy,5043,4762367316,mentioned,2021-05-18T18:36:40Z,,,mmaybeno
scrapy,scrapy,5043,4762367319,subscribed,2021-05-18T18:36:40Z,,,mmaybeno
scrapy,scrapy,5043,4807543307,mentioned,2021-05-27T18:21:53Z,,,marlenachatzigrigoriou
scrapy,scrapy,5043,4807543309,subscribed,2021-05-27T18:21:53Z,,,marlenachatzigrigoriou
scrapy,scrapy,5043,4817510651,mentioned,2021-05-30T19:40:25Z,,,mmaybeno
scrapy,scrapy,5043,4817510652,subscribed,2021-05-30T19:40:25Z,,,mmaybeno
scrapy,scrapy,5043,4948673039,mentioned,2021-06-28T16:58:57Z,,,mmaybeno
scrapy,scrapy,5043,4948673042,subscribed,2021-06-28T16:58:57Z,,,mmaybeno
scrapy,scrapy,5043,6156491563,mentioned,2022-02-28T17:50:08Z,,,jackblk
scrapy,scrapy,5043,6156491578,subscribed,2022-02-28T17:50:08Z,,,jackblk
scrapy,scrapy,5043,6156491586,mentioned,2022-02-28T17:50:08Z,,,marlenachatzigrigoriou
scrapy,scrapy,5043,6156491593,subscribed,2022-02-28T17:50:08Z,,,marlenachatzigrigoriou
scrapy,scrapy,5043,6163223538,mentioned,2022-03-01T16:15:44Z,,,mmaybeno
scrapy,scrapy,5043,6163223546,subscribed,2022-03-01T16:15:44Z,,,mmaybeno
scrapy,scrapy,5043,6164797380,mentioned,2022-03-01T20:46:38Z,,,marlenachatzigrigoriou
scrapy,scrapy,5043,6164797385,subscribed,2022-03-01T20:46:38Z,,,marlenachatzigrigoriou
scrapy,scrapy,5043,9516961404,closed,2023-06-13T14:14:29Z,,,wRAR
scrapy,scrapy,5043,9516965326,referenced,2023-06-13T14:14:47Z,9e0bfc4a3dc92ac7f0fc0aff6254374045733299,https://api.github.com/repos/scrapy/scrapy/commits/9e0bfc4a3dc92ac7f0fc0aff6254374045733299,wRAR
scrapy,scrapy,5032,4428678792,labeled,2021-03-09T14:24:14Z,,,Gallaecio
scrapy,scrapy,5032,4428678797,labeled,2021-03-09T14:24:14Z,,,Gallaecio
scrapy,scrapy,5032,14687294968,mentioned,2024-10-16T19:02:39Z,,,wRAR
scrapy,scrapy,5032,14687295010,subscribed,2024-10-16T19:02:39Z,,,wRAR
scrapy,scrapy,5032,14687295054,mentioned,2024-10-16T19:02:39Z,,,Gallaecio
scrapy,scrapy,5032,14687295101,subscribed,2024-10-16T19:02:39Z,,,Gallaecio
scrapy,scrapy,5032,14688213000,closed,2024-10-16T19:55:11Z,,,wRAR
scrapy,scrapy,5020,4395655336,labeled,2021-03-02T12:51:14Z,,,wRAR
scrapy,scrapy,5020,4395655337,labeled,2021-03-02T12:51:14Z,,,wRAR
scrapy,scrapy,5020,4401551954,closed,2021-03-03T11:45:00Z,,,wRAR
scrapy,scrapy,5020,4402882144,reopened,2021-03-03T16:06:16Z,,,Gallaecio
scrapy,scrapy,5020,4406001840,assigned,2021-03-04T06:42:16Z,,,Gallaecio
scrapy,scrapy,5020,4483521378,closed,2021-03-19T17:39:44Z,,,Gallaecio
scrapy,scrapy,4976,4291389997,labeled,2021-02-04T15:08:05Z,,,wRAR
scrapy,scrapy,4976,4291390001,labeled,2021-02-04T15:08:05Z,,,wRAR
scrapy,scrapy,4976,4291390004,labeled,2021-02-04T15:08:06Z,,,wRAR
scrapy,scrapy,4976,4889744137,unlabeled,2021-06-15T07:22:41Z,,,kmike
scrapy,scrapy,4976,5310549858,milestoned,2021-09-16T07:24:04Z,,,wRAR
scrapy,scrapy,4976,5553400690,mentioned,2021-11-02T07:59:26Z,,,ivanprado
scrapy,scrapy,4976,5553400696,subscribed,2021-11-02T07:59:26Z,,,ivanprado
scrapy,scrapy,4976,5553449627,mentioned,2021-11-02T08:09:06Z,,,LeMoussel
scrapy,scrapy,4976,5553449639,subscribed,2021-11-02T08:09:06Z,,,LeMoussel
scrapy,scrapy,4976,5830960508,closed,2021-12-31T19:38:10Z,,,Gallaecio
scrapy,scrapy,4976,8367390489,mentioned,2023-01-26T19:58:53Z,,,the-jolley-boy
scrapy,scrapy,4976,8367390502,subscribed,2023-01-26T19:58:53Z,,,the-jolley-boy
scrapy,scrapy,4976,8367424925,mentioned,2023-01-26T20:03:36Z,,,the-jolley-boy
scrapy,scrapy,4976,8367424935,subscribed,2023-01-26T20:03:36Z,,,the-jolley-boy
scrapy,scrapy,4962,4241703893,labeled,2021-01-23T16:42:20Z,,,Gallaecio
scrapy,scrapy,4962,4241706993,labeled,2021-01-23T16:46:13Z,,,Gallaecio
scrapy,scrapy,4962,4258069456,mentioned,2021-01-27T21:36:53Z,,,Gallaecio
scrapy,scrapy,4962,4258069462,subscribed,2021-01-27T21:36:53Z,,,Gallaecio
scrapy,scrapy,4962,4258069470,mentioned,2021-01-27T21:36:53Z,,,jas0nkim
scrapy,scrapy,4962,4258069474,subscribed,2021-01-27T21:36:53Z,,,jas0nkim
scrapy,scrapy,4962,4259379264,mentioned,2021-01-28T06:22:46Z,,,inspurwusixuan
scrapy,scrapy,4962,4259379266,subscribed,2021-01-28T06:22:46Z,,,inspurwusixuan
scrapy,scrapy,4962,4262768351,referenced,2021-01-28T19:26:38Z,b1d97e8282e259a3de21b5d1e98e52371b0d846f,https://api.github.com/repos/inspurwusixuan/scrapy/commits/b1d97e8282e259a3de21b5d1e98e52371b0d846f,inspurwusixuan
scrapy,scrapy,4962,4683989059,mentioned,2021-05-04T15:09:51Z,,,Gallaecio
scrapy,scrapy,4962,4683989064,subscribed,2021-05-04T15:09:51Z,,,Gallaecio
scrapy,scrapy,4962,5018155431,referenced,2021-07-14T08:06:16Z,35f03feb480389f121d5a849170cc44427a188ef,https://api.github.com/repos/inspurwusixuan/scrapy/commits/35f03feb480389f121d5a849170cc44427a188ef,Gallaecio
scrapy,scrapy,4962,5924767020,referenced,2022-01-20T13:10:39Z,1f002b370f88c846380e522f527061ba57f5535c,https://api.github.com/repos/inspurwusixuan/scrapy/commits/1f002b370f88c846380e522f527061ba57f5535c,elacuesta
scrapy,scrapy,4962,5972300569,closed,2022-01-28T17:30:30Z,,,elacuesta
scrapy,scrapy,4962,5972302032,referenced,2022-01-28T17:30:47Z,30d5779ea94ed1e9343a4590895a3f5e65e444b9,https://api.github.com/repos/scrapy/scrapy/commits/30d5779ea94ed1e9343a4590895a3f5e65e444b9,elacuesta
scrapy,scrapy,4920,4094104546,labeled,2020-12-10T09:35:07Z,,,wRAR
scrapy,scrapy,4920,4105829432,closed,2020-12-13T09:25:46Z,,,matsievskiysv
scrapy,scrapy,4907,4045803244,labeled,2020-11-27T11:45:07Z,,,wRAR
scrapy,scrapy,4907,4045803246,labeled,2020-11-27T11:45:07Z,,,wRAR
scrapy,scrapy,4907,4045803248,labeled,2020-11-27T11:45:07Z,,,wRAR
scrapy,scrapy,4907,4048726495,mentioned,2020-11-29T05:39:00Z,,,wRAR
scrapy,scrapy,4907,4048726496,subscribed,2020-11-29T05:39:00Z,,,wRAR
scrapy,scrapy,4907,4048788621,mentioned,2020-11-29T07:43:20Z,,,joesinghh
scrapy,scrapy,4907,4048788623,subscribed,2020-11-29T07:43:20Z,,,joesinghh
scrapy,scrapy,4907,4049384211,closed,2020-11-29T20:28:13Z,,,wRAR
scrapy,scrapy,4893,4010109646,closed,2020-11-18T11:11:00Z,,,Gallaecio
scrapy,scrapy,4893,4011366498,mentioned,2020-11-18T15:46:11Z,,,Gallaecio
scrapy,scrapy,4893,4011366515,subscribed,2020-11-18T15:46:11Z,,,Gallaecio
scrapy,scrapy,4893,4011366532,mentioned,2020-11-18T15:46:11Z,,,ivanprado
scrapy,scrapy,4893,4011366541,subscribed,2020-11-18T15:46:11Z,,,ivanprado
scrapy,scrapy,4893,4015460554,mentioned,2020-11-19T11:56:00Z,,,elacuesta
scrapy,scrapy,4893,4015460562,subscribed,2020-11-19T11:56:00Z,,,elacuesta
scrapy,scrapy,4893,5169591075,labeled,2021-08-17T15:06:48Z,,,wRAR
scrapy,scrapy,4893,5169591079,labeled,2021-08-17T15:06:48Z,,,wRAR
scrapy,scrapy,4892,4009561345,labeled,2020-11-18T09:08:18Z,,,Gallaecio
scrapy,scrapy,4892,4009561346,labeled,2020-11-18T09:08:18Z,,,Gallaecio
scrapy,scrapy,4892,4009561641,labeled,2020-11-18T09:08:21Z,,,Gallaecio
scrapy,scrapy,4892,4020677413,referenced,2020-11-20T12:29:29Z,9d47ea92fdea0be4044b6dc3f88c340632959a97,https://api.github.com/repos/gunadhya/scrapy/commits/9d47ea92fdea0be4044b6dc3f88c340632959a97,gunadhya
scrapy,scrapy,4892,4048727838,mentioned,2020-11-29T05:42:05Z,,,Gallaecio
scrapy,scrapy,4892,4048727840,subscribed,2020-11-29T05:42:05Z,,,Gallaecio
scrapy,scrapy,4892,4066539614,closed,2020-12-03T09:56:37Z,,,Gallaecio
scrapy,scrapy,4887,4000587583,closed,2020-11-16T14:38:00Z,,,elacuesta
scrapy,scrapy,4887,5169592283,labeled,2021-08-17T15:07:00Z,,,wRAR
scrapy,scrapy,4887,5169592285,labeled,2021-08-17T15:07:00Z,,,wRAR
scrapy,scrapy,4857,3927286339,labeled,2020-10-27T17:43:11Z,,,wRAR
scrapy,scrapy,4857,3959557692,closed,2020-11-04T21:29:37Z,,,Gallaecio
scrapy,scrapy,4841,3863023734,labeled,2020-10-10T18:54:44Z,,,wRAR
scrapy,scrapy,4841,3863023736,labeled,2020-10-10T18:54:44Z,,,wRAR
scrapy,scrapy,4841,4009023076,closed,2020-11-18T06:38:10Z,,,wRAR
scrapy,scrapy,4833,3846556554,labeled,2020-10-06T16:50:02Z,,,Gallaecio
scrapy,scrapy,4833,11806040444,closed,2024-02-14T19:21:06Z,,,Gallaecio
scrapy,scrapy,4829,3842071633,labeled,2020-10-05T19:25:06Z,,,Gallaecio
scrapy,scrapy,4829,3842099474,renamed,2020-10-05T19:32:40Z,,,scientes
scrapy,scrapy,4829,3885904653,mentioned,2020-10-16T11:26:33Z,,,scientes
scrapy,scrapy,4829,3885904657,subscribed,2020-10-16T11:26:33Z,,,scientes
scrapy,scrapy,4829,3911312220,unlabeled,2020-10-22T22:00:50Z,,,Gallaecio
scrapy,scrapy,4829,3911312221,labeled,2020-10-22T22:00:50Z,,,Gallaecio
scrapy,scrapy,4829,3911312223,labeled,2020-10-22T22:00:50Z,,,Gallaecio
scrapy,scrapy,4829,4356318728,labeled,2021-02-21T12:46:13Z,,,Gallaecio
scrapy,scrapy,4829,4373140386,closed,2021-02-24T20:50:00Z,,,kmike
scrapy,scrapy,4805,3799067723,labeled,2020-09-23T16:41:39Z,,,elacuesta
scrapy,scrapy,4805,3799067725,labeled,2020-09-23T16:41:39Z,,,elacuesta
scrapy,scrapy,4805,3803180850,labeled,2020-09-24T13:18:33Z,,,Gallaecio
scrapy,scrapy,4805,3830954852,closed,2020-10-01T18:46:15Z,,,kmike
scrapy,scrapy,4802,3788580565,labeled,2020-09-21T13:09:01Z,,,Gallaecio
scrapy,scrapy,4802,3788883493,mentioned,2020-09-21T14:11:05Z,,,michael-lazar
scrapy,scrapy,4802,3788883498,subscribed,2020-09-21T14:11:05Z,,,michael-lazar
scrapy,scrapy,4802,3788884630,unlabeled,2020-09-21T14:11:19Z,,,elacuesta
scrapy,scrapy,4802,3788884634,labeled,2020-09-21T14:11:19Z,,,elacuesta
scrapy,scrapy,4802,3791317319,mentioned,2020-09-22T03:17:59Z,,,elacuesta
scrapy,scrapy,4802,3791317320,subscribed,2020-09-22T03:17:59Z,,,elacuesta
scrapy,scrapy,4802,3846123089,labeled,2020-10-06T15:31:28Z,,,elacuesta
scrapy,scrapy,4802,3897467892,closed,2020-10-20T08:55:08Z,,,wRAR
scrapy,scrapy,4766,3709129358,labeled,2020-08-31T09:53:53Z,,,wRAR
scrapy,scrapy,4766,3835193181,closed,2020-10-02T18:38:14Z,,,Gallaecio
scrapy,scrapy,4763,3703727596,labeled,2020-08-28T12:33:40Z,,,Gallaecio
scrapy,scrapy,4763,3703727599,labeled,2020-08-28T12:33:40Z,,,Gallaecio
scrapy,scrapy,4763,8382640449,closed,2023-01-29T21:23:47Z,,,wRAR
scrapy,scrapy,4762,3701115287,labeled,2020-08-27T19:33:30Z,,,kmike
scrapy,scrapy,4762,6763112604,closed,2022-06-07T16:44:55Z,,,Gallaecio
scrapy,scrapy,4760,3698147241,labeled,2020-08-27T07:30:03Z,,,wRAR
scrapy,scrapy,4760,3698147242,labeled,2020-08-27T07:30:03Z,,,wRAR
scrapy,scrapy,4760,3701034247,mentioned,2020-08-27T19:08:58Z,,,Gallaecio
scrapy,scrapy,4760,3701034253,subscribed,2020-08-27T19:08:59Z,,,Gallaecio
scrapy,scrapy,4760,3703124154,labeled,2020-08-28T09:24:40Z,,,wRAR
scrapy,scrapy,4760,3703155421,closed,2020-08-28T09:33:22Z,,,quochung-cyou
scrapy,scrapy,4760,3703155431,mentioned,2020-08-28T09:33:22Z,,,Gallaecio
scrapy,scrapy,4760,3703155435,subscribed,2020-08-28T09:33:22Z,,,Gallaecio
scrapy,scrapy,4726,3655592699,labeled,2020-08-14T09:57:49Z,,,wRAR
scrapy,scrapy,4726,3655592701,labeled,2020-08-14T09:57:49Z,,,wRAR
scrapy,scrapy,4726,3657149905,renamed,2020-08-14T17:48:50Z,,,wRAR
scrapy,scrapy,4726,3688547393,closed,2020-08-25T06:48:31Z,,,wRAR
scrapy,scrapy,4717,3638501895,labeled,2020-08-10T12:19:59Z,,,Gallaecio
scrapy,scrapy,4717,3685771478,mentioned,2020-08-24T14:40:00Z,,,elacuesta
scrapy,scrapy,4717,3685771481,subscribed,2020-08-24T14:40:00Z,,,elacuesta
scrapy,scrapy,4717,3687627591,renamed,2020-08-24T23:51:11Z,,,elacuesta
scrapy,scrapy,4717,3687634676,mentioned,2020-08-24T23:54:57Z,,,wRAR
scrapy,scrapy,4717,3687634677,subscribed,2020-08-24T23:54:57Z,,,wRAR
scrapy,scrapy,4717,3741267131,mentioned,2020-09-08T14:31:26Z,,,kmike
scrapy,scrapy,4717,3741267137,subscribed,2020-09-08T14:31:26Z,,,kmike
scrapy,scrapy,4717,3741267145,mentioned,2020-09-08T14:31:26Z,,,wRAR
scrapy,scrapy,4717,3741267153,subscribed,2020-09-08T14:31:26Z,,,wRAR
scrapy,scrapy,4717,3741267160,mentioned,2020-09-08T14:31:26Z,,,Gallaecio
scrapy,scrapy,4717,3741267167,subscribed,2020-09-08T14:31:26Z,,,Gallaecio
scrapy,scrapy,4717,3806477133,milestoned,2020-09-25T07:53:45Z,,,Gallaecio
scrapy,scrapy,4717,3856040598,closed,2020-10-08T15:20:33Z,,,wRAR
scrapy,scrapy,4702,3598488128,labeled,2020-07-29T10:57:16Z,,,wRAR
scrapy,scrapy,4702,3598488129,labeled,2020-07-29T10:57:16Z,,,wRAR
scrapy,scrapy,4702,3598645113,mentioned,2020-07-29T11:42:26Z,,,kshitijcode
scrapy,scrapy,4702,3598645119,subscribed,2020-07-29T11:42:26Z,,,kshitijcode
scrapy,scrapy,4702,3602214000,closed,2020-07-30T06:27:26Z,,,wRAR
scrapy,scrapy,4671,3529428800,mentioned,2020-07-09T12:19:03Z,,,alex-ber
scrapy,scrapy,4671,3529428803,subscribed,2020-07-09T12:19:03Z,,,alex-ber
scrapy,scrapy,4671,3529429176,labeled,2020-07-09T12:19:09Z,,,elacuesta
scrapy,scrapy,4671,3529429179,labeled,2020-07-09T12:19:09Z,,,elacuesta
scrapy,scrapy,4671,3529431737,renamed,2020-07-09T12:19:54Z,,,elacuesta
scrapy,scrapy,4671,3655561691,closed,2020-08-14T09:47:56Z,,,wRAR
scrapy,scrapy,4667,3526107366,labeled,2020-07-08T16:42:32Z,,,elacuesta
scrapy,scrapy,4667,3526113443,assigned,2020-07-08T16:44:10Z,,,elacuesta
scrapy,scrapy,4667,3526180728,milestoned,2020-07-08T17:01:54Z,,,elacuesta
scrapy,scrapy,4667,3526182671,demilestoned,2020-07-08T17:02:25Z,,,elacuesta
scrapy,scrapy,4667,3526186599,milestoned,2020-07-08T17:03:30Z,,,elacuesta
scrapy,scrapy,4667,3580855243,demilestoned,2020-07-23T16:48:24Z,,,kmike
scrapy,scrapy,4667,3580855244,milestoned,2020-07-23T16:48:24Z,,,kmike
scrapy,scrapy,4667,3593423247,closed,2020-07-28T09:15:15Z,,,Gallaecio
scrapy,scrapy,4665,3520066632,labeled,2020-07-07T11:57:51Z,,,Gallaecio
scrapy,scrapy,4665,3526187582,milestoned,2020-07-08T17:03:48Z,,,elacuesta
scrapy,scrapy,4665,3539710169,referenced,2020-07-13T14:08:08Z,0770961054f24d56d219a81d9e0c467de98312c7,https://api.github.com/repos/Gallaecio/scrapy/commits/0770961054f24d56d219a81d9e0c467de98312c7,Gallaecio
scrapy,scrapy,4665,3553029542,demilestoned,2020-07-16T12:47:10Z,,,kmike
scrapy,scrapy,4665,5198746110,closed,2021-08-24T07:18:49Z,,,wRAR
scrapy,scrapy,4662,3517392420,labeled,2020-07-06T19:42:46Z,,,elacuesta
scrapy,scrapy,4662,3519546424,assigned,2020-07-07T09:36:18Z,,,Gallaecio
scrapy,scrapy,4662,3526188357,milestoned,2020-07-08T17:04:00Z,,,elacuesta
scrapy,scrapy,4662,3538952178,closed,2020-07-13T11:01:07Z,,,wRAR
scrapy,scrapy,4644,3472809477,referenced,2020-06-23T12:56:42Z,3672f5f988cbb29c6bebb7ed535c0d5ad941d868,https://api.github.com/repos/Lukas0907/scrapy/commits/3672f5f988cbb29c6bebb7ed535c0d5ad941d868,Lukas0907
scrapy,scrapy,4644,3476889664,labeled,2020-06-24T10:38:46Z,,,Gallaecio
scrapy,scrapy,4644,3482427437,closed,2020-06-25T13:36:44Z,,,kmike
scrapy,scrapy,4643,3469743630,labeled,2020-06-22T18:54:31Z,,,Gallaecio
scrapy,scrapy,4643,3469746271,unlabeled,2020-06-22T18:55:18Z,,,Gallaecio
scrapy,scrapy,4643,3469748421,labeled,2020-06-22T18:55:57Z,,,Gallaecio
scrapy,scrapy,4643,3469749323,unlabeled,2020-06-22T18:56:12Z,,,Gallaecio
scrapy,scrapy,4643,3469749328,labeled,2020-06-22T18:56:12Z,,,Gallaecio
scrapy,scrapy,4643,3476263026,labeled,2020-06-24T07:55:24Z,,,wRAR
scrapy,scrapy,4643,3830981371,closed,2020-10-01T18:53:09Z,,,kmike
scrapy,scrapy,4621,3441977226,labeled,2020-06-14T19:37:40Z,,,Gallaecio
scrapy,scrapy,4621,3454078047,closed,2020-06-17T15:08:15Z,,,Gallaecio
scrapy,scrapy,4619,3441946268,labeled,2020-06-14T18:56:33Z,,,Gallaecio
scrapy,scrapy,4619,3472283198,closed,2020-06-23T10:33:49Z,,,wRAR
scrapy,scrapy,4597,3376663077,labeled,2020-05-27T06:56:02Z,,,wRAR
scrapy,scrapy,4597,3379081291,closed,2020-05-27T16:42:05Z,,,wRAR
scrapy,scrapy,4592,3365035994,labeled,2020-05-22T14:54:14Z,,,Gallaecio
scrapy,scrapy,4592,3365035996,labeled,2020-05-22T14:54:14Z,,,Gallaecio
scrapy,scrapy,4592,3365035997,labeled,2020-05-22T14:54:14Z,,,Gallaecio
scrapy,scrapy,4592,3391538768,mentioned,2020-06-01T05:05:27Z,,,sharmarohit
scrapy,scrapy,4592,3391538771,subscribed,2020-06-01T05:05:27Z,,,sharmarohit
scrapy,scrapy,4592,3391538774,mentioned,2020-06-01T05:05:27Z,,,karsten-aichholz
scrapy,scrapy,4592,3391538776,subscribed,2020-06-01T05:05:27Z,,,karsten-aichholz
scrapy,scrapy,4592,3394957642,closed,2020-06-01T21:30:34Z,,,kmike
scrapy,scrapy,4578,3340647654,labeled,2020-05-15T12:11:45Z,,,Gallaecio
scrapy,scrapy,4578,3340647657,labeled,2020-05-15T12:11:45Z,,,Gallaecio
scrapy,scrapy,4578,3352518456,closed,2020-05-19T15:45:21Z,,,kmike
scrapy,scrapy,4570,3327517999,labeled,2020-05-12T13:33:11Z,,,elacuesta
scrapy,scrapy,4570,3327518003,labeled,2020-05-12T13:33:11Z,,,elacuesta
scrapy,scrapy,4570,3327675086,mentioned,2020-05-12T14:06:51Z,,,elacuesta
scrapy,scrapy,4570,3327675089,subscribed,2020-05-12T14:06:51Z,,,elacuesta
scrapy,scrapy,4570,3333896469,closed,2020-05-13T21:02:04Z,,,Gallaecio
scrapy,scrapy,4547,3312096255,labeled,2020-05-07T09:47:03Z,,,Gallaecio
scrapy,scrapy,4547,3312096258,labeled,2020-05-07T09:47:03Z,,,Gallaecio
scrapy,scrapy,4547,3336751230,mentioned,2020-05-14T13:59:15Z,,,Gallaecio
scrapy,scrapy,4547,3336751237,subscribed,2020-05-14T13:59:15Z,,,Gallaecio
scrapy,scrapy,4547,3342317417,mentioned,2020-05-15T19:42:43Z,,,Gallaecio
scrapy,scrapy,4547,3342317421,subscribed,2020-05-15T19:42:43Z,,,Gallaecio
scrapy,scrapy,4547,3342367025,mentioned,2020-05-15T19:58:26Z,,,Gallaecio
scrapy,scrapy,4547,3342367026,subscribed,2020-05-15T19:58:26Z,,,Gallaecio
scrapy,scrapy,4547,3342367029,mentioned,2020-05-15T19:58:26Z,,,divyabhushan-okta
scrapy,scrapy,4547,3342367032,subscribed,2020-05-15T19:58:26Z,,,divyabhushan-okta
scrapy,scrapy,4547,3360008218,mentioned,2020-05-21T09:47:09Z,,,Gallaecio
scrapy,scrapy,4547,3360008219,subscribed,2020-05-21T09:47:09Z,,,Gallaecio
scrapy,scrapy,4547,3360008222,mentioned,2020-05-21T09:47:10Z,,,elacuesta
scrapy,scrapy,4547,3360008224,subscribed,2020-05-21T09:47:10Z,,,elacuesta
scrapy,scrapy,4547,3621495972,closed,2020-08-04T18:34:12Z,,,Gallaecio
scrapy,scrapy,4514,3276172366,labeled,2020-04-27T14:53:50Z,,,elacuesta
scrapy,scrapy,4514,3276172370,labeled,2020-04-27T14:53:50Z,,,elacuesta
scrapy,scrapy,4514,3276172372,labeled,2020-04-27T14:53:50Z,,,elacuesta
scrapy,scrapy,4514,3277191821,mentioned,2020-04-27T19:04:35Z,,,kmike
scrapy,scrapy,4514,3277191822,subscribed,2020-04-27T19:04:35Z,,,kmike
scrapy,scrapy,4514,3277191824,mentioned,2020-04-27T19:04:35Z,,,wRAR
scrapy,scrapy,4514,3277191827,subscribed,2020-04-27T19:04:35Z,,,wRAR
scrapy,scrapy,4514,3365753708,closed,2020-05-22T18:12:59Z,,,kmike
scrapy,scrapy,4511,3265818048,labeled,2020-04-23T16:29:00Z,,,Gallaecio
scrapy,scrapy,4511,3265818049,labeled,2020-04-23T16:29:00Z,,,Gallaecio
scrapy,scrapy,4511,3265818052,labeled,2020-04-23T16:29:00Z,,,Gallaecio
scrapy,scrapy,4511,3276903052,closed,2020-04-27T17:45:19Z,,,Gallaecio
scrapy,scrapy,4510,3264786241,labeled,2020-04-23T12:15:27Z,,,Gallaecio
scrapy,scrapy,4510,3264786242,labeled,2020-04-23T12:15:27Z,,,Gallaecio
scrapy,scrapy,4510,3357527944,closed,2020-05-20T17:23:43Z,,,kmike
scrapy,scrapy,4496,3236652088,labeled,2020-04-15T18:00:50Z,,,Gallaecio
scrapy,scrapy,4496,3236652090,labeled,2020-04-15T18:00:50Z,,,Gallaecio
scrapy,scrapy,4496,3236652111,mentioned,2020-04-15T18:00:50Z,,,humitos
scrapy,scrapy,4496,3236652117,subscribed,2020-04-15T18:00:50Z,,,humitos
scrapy,scrapy,4496,3236652474,milestoned,2020-04-15T18:00:55Z,,,Gallaecio
scrapy,scrapy,4496,3239879722,closed,2020-04-16T13:19:47Z,,,kmike
scrapy,scrapy,4485,3224725303,labeled,2020-04-12T03:17:20Z,,,elacuesta
scrapy,scrapy,4485,3628392556,mentioned,2020-08-06T10:20:08Z,,,elacuesta
scrapy,scrapy,4485,3628392559,subscribed,2020-08-06T10:20:08Z,,,elacuesta
scrapy,scrapy,4485,3628392564,mentioned,2020-08-06T10:20:08Z,,,Carrislol
scrapy,scrapy,4485,3628392568,subscribed,2020-08-06T10:20:08Z,,,Carrislol
scrapy,scrapy,4485,3901505693,mentioned,2020-10-21T02:04:21Z,,,elacuesta
scrapy,scrapy,4485,3901505694,subscribed,2020-10-21T02:04:21Z,,,elacuesta
scrapy,scrapy,4485,3901505698,mentioned,2020-10-21T02:04:21Z,,,Carrislol
scrapy,scrapy,4485,3901505700,subscribed,2020-10-21T02:04:21Z,,,Carrislol
scrapy,scrapy,4485,5685809750,labeled,2021-11-29T15:35:59Z,,,wRAR
scrapy,scrapy,4485,5850468432,closed,2022-01-06T06:32:00Z,,,wRAR
scrapy,scrapy,4477,3214115847,labeled,2020-04-08T13:30:20Z,,,elacuesta
scrapy,scrapy,4477,3587422935,referenced,2020-07-26T21:24:53Z,cfe1092f21b95ce15811981cd0ccbaa998b5d61d,https://api.github.com/repos/Di-ref/fbcrawl/commits/cfe1092f21b95ce15811981cd0ccbaa998b5d61d,Di-ref
scrapy,scrapy,4477,4135363301,mentioned,2020-12-21T10:31:45Z,,,elacuesta
scrapy,scrapy,4477,4135363309,subscribed,2020-12-21T10:31:46Z,,,elacuesta
scrapy,scrapy,4477,4490625022,closed,2021-03-22T14:51:12Z,,,elacuesta
scrapy,scrapy,4475,3203235231,labeled,2020-04-06T00:29:27Z,,,Gallaecio
scrapy,scrapy,4475,3203235232,labeled,2020-04-06T00:29:27Z,,,Gallaecio
scrapy,scrapy,4475,3203235233,labeled,2020-04-06T00:29:27Z,,,Gallaecio
scrapy,scrapy,4475,3205216680,labeled,2020-04-06T12:54:17Z,,,elacuesta
scrapy,scrapy,4475,3219227208,milestoned,2020-04-09T17:15:29Z,,,Gallaecio
scrapy,scrapy,4475,3219234797,mentioned,2020-04-09T17:17:43Z,,,anusha94
scrapy,scrapy,4475,3219234800,subscribed,2020-04-09T17:17:43Z,,,anusha94
scrapy,scrapy,4475,3219235193,unlabeled,2020-04-09T17:17:50Z,,,Gallaecio
scrapy,scrapy,4475,3236282151,mentioned,2020-04-15T16:24:40Z,,,Gallaecio
scrapy,scrapy,4475,3236282155,subscribed,2020-04-15T16:24:40Z,,,Gallaecio
scrapy,scrapy,4475,3236282159,mentioned,2020-04-15T16:24:40Z,,,elacuesta
scrapy,scrapy,4475,3236282163,subscribed,2020-04-15T16:24:40Z,,,elacuesta
scrapy,scrapy,4475,3236455369,subscribed,2020-04-15T17:07:38Z,,,Kuntakimp
scrapy,scrapy,4475,3236587344,closed,2020-04-15T17:42:50Z,,,kmike
scrapy,scrapy,4408,3106075958,referenced,2020-03-06T16:45:02Z,c7391ddcdef13de938f9a1baff063749a202b86a,https://api.github.com/repos/scrapinghub/scrapy-poet/commits/c7391ddcdef13de938f9a1baff063749a202b86a,ivanprado
scrapy,scrapy,4408,3122637607,labeled,2020-03-12T12:32:52Z,,,wRAR
scrapy,scrapy,4408,3122637881,assigned,2020-03-12T12:32:59Z,,,elacuesta
scrapy,scrapy,4408,3122639669,milestoned,2020-03-12T12:33:30Z,,,wRAR
scrapy,scrapy,4408,3122891987,closed,2020-03-12T13:44:50Z,,,kmike
scrapy,scrapy,4393,3090248596,mentioned,2020-03-03T00:54:27Z,,,wRAR
scrapy,scrapy,4393,3090248597,subscribed,2020-03-03T00:54:27Z,,,wRAR
scrapy,scrapy,4393,3090248601,mentioned,2020-03-03T00:54:27Z,,,nyov
scrapy,scrapy,4393,3090248603,subscribed,2020-03-03T00:54:27Z,,,nyov
scrapy,scrapy,4393,3090796747,renamed,2020-03-03T06:16:05Z,,,wRAR
scrapy,scrapy,4393,3090797046,labeled,2020-03-03T06:16:17Z,,,wRAR
scrapy,scrapy,4393,3090797048,labeled,2020-03-03T06:16:17Z,,,wRAR
scrapy,scrapy,4393,3098283391,referenced,2020-03-04T20:01:03Z,5f2ad451a4fb849c8784ba750d21a31783e7297f,https://api.github.com/repos/akshaysharmajs/scrapy/commits/5f2ad451a4fb849c8784ba750d21a31783e7297f,akshaysharmajs
scrapy,scrapy,4393,3098292426,mentioned,2020-03-04T20:03:17Z,,,wRAR
scrapy,scrapy,4393,3098292429,subscribed,2020-03-04T20:03:17Z,,,wRAR
scrapy,scrapy,4393,3098341562,mentioned,2020-03-04T20:15:37Z,,,akshaysharmajs
scrapy,scrapy,4393,3098341565,subscribed,2020-03-04T20:15:37Z,,,akshaysharmajs
scrapy,scrapy,4393,3098416516,referenced,2020-03-04T20:37:07Z,4d5646bfe24c7b13638c3fc064ac52e790366f28,https://api.github.com/repos/akshaysharmajs/scrapy/commits/4d5646bfe24c7b13638c3fc064ac52e790366f28,akshaysharmajs
scrapy,scrapy,4393,3565535226,referenced,2020-07-20T12:23:47Z,de297a3a167a6be3ac1ed94a891effefc12a6d00,https://api.github.com/repos/scrapy/scrapy/commits/de297a3a167a6be3ac1ed94a891effefc12a6d00,wRAR
scrapy,scrapy,4393,3593852409,closed,2020-07-28T11:13:20Z,,,Gallaecio
scrapy,scrapy,4346,3070425480,mentioned,2020-02-25T18:07:55Z,,,lblanche
scrapy,scrapy,4346,3071546153,labeled,2020-02-26T00:02:57Z,,,Gallaecio
scrapy,scrapy,4346,3073579919,mentioned,2020-02-26T12:55:50Z,,,wRAR
scrapy,scrapy,4346,3073579929,subscribed,2020-02-26T12:55:50Z,,,wRAR
scrapy,scrapy,4346,3151937380,mentioned,2020-03-21T17:42:43Z,,,michalp2213
scrapy,scrapy,4346,3151937383,subscribed,2020-03-21T17:42:43Z,,,michalp2213
scrapy,scrapy,4346,3153072894,mentioned,2020-03-22T21:03:54Z,,,lblanche
scrapy,scrapy,4346,3153072895,subscribed,2020-03-22T21:03:54Z,,,lblanche
scrapy,scrapy,4346,3310226137,mentioned,2020-05-06T20:45:03Z,,,michalp2213
scrapy,scrapy,4346,3310226139,subscribed,2020-05-06T20:45:03Z,,,michalp2213
scrapy,scrapy,4346,3311942063,mentioned,2020-05-07T09:06:08Z,,,lblanche
scrapy,scrapy,4346,3311942065,subscribed,2020-05-07T09:06:08Z,,,lblanche
scrapy,scrapy,4346,3311942317,closed,2020-05-07T09:06:12Z,,,Gallaecio
scrapy,scrapy,4346,3312034817,mentioned,2020-05-07T09:30:24Z,,,michalp2213
scrapy,scrapy,4346,3312034823,subscribed,2020-05-07T09:30:25Z,,,michalp2213
scrapy,scrapy,4332,3040202849,labeled,2020-02-14T21:34:24Z,,,Gallaecio
scrapy,scrapy,4332,3040202850,labeled,2020-02-14T21:34:24Z,,,Gallaecio
scrapy,scrapy,4332,3040202851,labeled,2020-02-14T21:34:24Z,,,Gallaecio
scrapy,scrapy,4332,3040202864,mentioned,2020-02-14T21:34:24Z,,,elacuesta
scrapy,scrapy,4332,3040202865,subscribed,2020-02-14T21:34:24Z,,,elacuesta
scrapy,scrapy,4332,3041736713,referenced,2020-02-16T18:18:46Z,58dce1a4b7149aeebf43a1bdfb051d27696b5830,https://api.github.com/repos/akshaysharmajs/scrapy/commits/58dce1a4b7149aeebf43a1bdfb051d27696b5830,akshaysharmajs
scrapy,scrapy,4332,3043433503,mentioned,2020-02-17T11:55:34Z,,,nikochiko
scrapy,scrapy,4332,3043433506,subscribed,2020-02-17T11:55:34Z,,,nikochiko
scrapy,scrapy,4332,3043433511,mentioned,2020-02-17T11:55:34Z,,,akshaysharmajs
scrapy,scrapy,4332,3043433512,subscribed,2020-02-17T11:55:34Z,,,akshaysharmajs
scrapy,scrapy,4332,3044033115,mentioned,2020-02-17T14:54:44Z,,,Gallaecio
scrapy,scrapy,4332,3044033119,subscribed,2020-02-17T14:54:44Z,,,Gallaecio
scrapy,scrapy,4332,3044033122,mentioned,2020-02-17T14:54:44Z,,,nikochiko
scrapy,scrapy,4332,3044033126,subscribed,2020-02-17T14:54:44Z,,,nikochiko
scrapy,scrapy,4332,3044033134,mentioned,2020-02-17T14:54:44Z,,,akshaysharmajs
scrapy,scrapy,4332,3044033138,subscribed,2020-02-17T14:54:44Z,,,akshaysharmajs
scrapy,scrapy,4332,3044452060,referenced,2020-02-17T16:54:57Z,7000eaf67fb06973b776bbfcc21f5ae990510c8c,https://api.github.com/repos/akshaysharmajs/scrapy/commits/7000eaf67fb06973b776bbfcc21f5ae990510c8c,akshaysharmajs
scrapy,scrapy,4332,3052203160,closed,2020-02-19T15:49:20Z,,,Gallaecio
scrapy,scrapy,4332,3565535231,referenced,2020-07-20T12:23:47Z,de297a3a167a6be3ac1ed94a891effefc12a6d00,https://api.github.com/repos/scrapy/scrapy/commits/de297a3a167a6be3ac1ed94a891effefc12a6d00,wRAR
scrapy,scrapy,4308,3012906272,labeled,2020-02-06T08:23:42Z,,,Gallaecio
scrapy,scrapy,4308,3012906275,labeled,2020-02-06T08:23:42Z,,,Gallaecio
scrapy,scrapy,4308,3012906276,labeled,2020-02-06T08:23:42Z,,,Gallaecio
scrapy,scrapy,4308,3015432758,mentioned,2020-02-06T20:49:46Z,,,tomaskrcka
scrapy,scrapy,4308,3015432759,subscribed,2020-02-06T20:49:46Z,,,tomaskrcka
scrapy,scrapy,4308,3019912894,referenced,2020-02-08T13:37:50Z,71d64edfd4eaab7915800debfee2a1a169a005a7,https://api.github.com/repos/MaliYudina/scrapy/commits/71d64edfd4eaab7915800debfee2a1a169a005a7,MaliYudina
scrapy,scrapy,4308,3034459036,referenced,2020-02-13T11:25:49Z,5a8673323375f6765cce48df6489b827014f9d47,https://api.github.com/repos/tomaskrcka/scrapy/commits/5a8673323375f6765cce48df6489b827014f9d47,tomaskrcka
scrapy,scrapy,4308,3079478437,mentioned,2020-02-27T20:58:22Z,,,elacuesta
scrapy,scrapy,4308,3079478438,subscribed,2020-02-27T20:58:22Z,,,elacuesta
scrapy,scrapy,4308,3083283754,closed,2020-02-28T19:42:08Z,,,kmike
scrapy,scrapy,4308,3083284058,referenced,2020-02-28T19:42:13Z,ef00f8eb8eb4f5727409fd40c5826661db2bb665,https://api.github.com/repos/scrapy/scrapy/commits/ef00f8eb8eb4f5727409fd40c5826661db2bb665,kmike
scrapy,scrapy,4289,3027352801,labeled,2020-02-11T16:49:02Z,,,Gallaecio
scrapy,scrapy,4289,3027352803,labeled,2020-02-11T16:49:02Z,,,Gallaecio
scrapy,scrapy,4289,3219660008,mentioned,2020-04-09T19:25:06Z,,,GeorgeA92
scrapy,scrapy,4289,3219660013,subscribed,2020-04-09T19:25:06Z,,,GeorgeA92
scrapy,scrapy,4289,3219712189,mentioned,2020-04-09T19:42:03Z,,,b-per
scrapy,scrapy,4289,3219712192,subscribed,2020-04-09T19:42:03Z,,,b-per
scrapy,scrapy,4289,3219712195,mentioned,2020-04-09T19:42:03Z,,,pwinzer
scrapy,scrapy,4289,3219712196,subscribed,2020-04-09T19:42:03Z,,,pwinzer
scrapy,scrapy,4289,3219722171,closed,2020-04-09T19:45:17Z,,,pwinzer
scrapy,scrapy,4289,3324557234,mentioned,2020-05-11T20:02:20Z,,,b-per
scrapy,scrapy,4289,3324557237,subscribed,2020-05-11T20:02:20Z,,,b-per
scrapy,scrapy,4289,3324557240,mentioned,2020-05-11T20:02:21Z,,,GeorgeA92
scrapy,scrapy,4289,3324557242,subscribed,2020-05-11T20:02:21Z,,,GeorgeA92
scrapy,scrapy,4285,3027357570,labeled,2020-02-11T16:50:15Z,,,Gallaecio
scrapy,scrapy,4285,3027357572,labeled,2020-02-11T16:50:15Z,,,Gallaecio
scrapy,scrapy,4285,3038072690,labeled,2020-02-14T09:38:44Z,,,kmike
scrapy,scrapy,4285,3047457950,mentioned,2020-02-18T14:50:31Z,,,sakshamb2113
scrapy,scrapy,4285,3047457952,subscribed,2020-02-18T14:50:31Z,,,sakshamb2113
scrapy,scrapy,4285,3048140592,referenced,2020-02-18T17:37:14Z,77d01d6b06d1ddb582d1f8c10ec9f716e5d47a9c,https://api.github.com/repos/sakshamb2113/scrapy/commits/77d01d6b06d1ddb582d1f8c10ec9f716e5d47a9c,sakshamb2113
scrapy,scrapy,4285,3194597828,closed,2020-04-03T02:27:47Z,,,elacuesta
scrapy,scrapy,4285,3247731729,referenced,2020-04-18T15:21:28Z,bfeb2c8c13de0c45af21228f69395a1131913da5,https://api.github.com/repos/scrapy/scrapy/commits/bfeb2c8c13de0c45af21228f69395a1131913da5,kmike
scrapy,scrapy,4277,2958790948,labeled,2020-01-17T16:42:34Z,,,elacuesta
scrapy,scrapy,4277,2958790950,labeled,2020-01-17T16:42:34Z,,,elacuesta
scrapy,scrapy,4277,2958927051,labeled,2020-01-17T17:29:03Z,,,kmike
scrapy,scrapy,4277,2961049016,mentioned,2020-01-19T18:03:27Z,,,LanetheGreat
scrapy,scrapy,4277,2961049017,subscribed,2020-01-19T18:03:27Z,,,LanetheGreat
scrapy,scrapy,4277,3023926929,closed,2020-02-10T18:48:32Z,,,Gallaecio
scrapy,scrapy,4268,2934581682,labeled,2020-01-09T11:21:55Z,,,wRAR
scrapy,scrapy,4268,2934581683,labeled,2020-01-09T11:21:55Z,,,wRAR
scrapy,scrapy,4268,2937506143,mentioned,2020-01-10T07:07:34Z,,,joybh98
scrapy,scrapy,4268,2937506147,subscribed,2020-01-10T07:07:35Z,,,joybh98
scrapy,scrapy,4268,2938168850,labeled,2020-01-10T11:12:45Z,,,Gallaecio
scrapy,scrapy,4268,3001698151,mentioned,2020-02-03T10:51:39Z,,,Gallaecio
scrapy,scrapy,4268,3001698157,subscribed,2020-02-03T10:51:39Z,,,Gallaecio
scrapy,scrapy,4268,3001698160,mentioned,2020-02-03T10:51:39Z,,,joybh98
scrapy,scrapy,4268,3001698163,subscribed,2020-02-03T10:51:39Z,,,joybh98
scrapy,scrapy,4268,3001765541,mentioned,2020-02-03T11:12:00Z,,,sudonitin
scrapy,scrapy,4268,3001765542,subscribed,2020-02-03T11:12:00Z,,,sudonitin
scrapy,scrapy,4268,3050292223,mentioned,2020-02-19T05:17:16Z,,,wRAR
scrapy,scrapy,4268,3050292225,subscribed,2020-02-19T05:17:16Z,,,wRAR
scrapy,scrapy,4268,3050498601,mentioned,2020-02-19T07:06:34Z,,,sakshamb2113
scrapy,scrapy,4268,3050498604,subscribed,2020-02-19T07:06:34Z,,,sakshamb2113
scrapy,scrapy,4268,3062903341,mentioned,2020-02-22T18:38:15Z,,,wRAR
scrapy,scrapy,4268,3062903342,subscribed,2020-02-22T18:38:15Z,,,wRAR
scrapy,scrapy,4268,3062904834,mentioned,2020-02-22T18:40:43Z,,,sakshamb2113
scrapy,scrapy,4268,3062904836,subscribed,2020-02-22T18:40:43Z,,,sakshamb2113
scrapy,scrapy,4268,3062912750,mentioned,2020-02-22T18:56:01Z,,,sakshamb2113
scrapy,scrapy,4268,3062912751,subscribed,2020-02-22T18:56:01Z,,,sakshamb2113
scrapy,scrapy,4268,3062967057,mentioned,2020-02-22T20:38:05Z,,,wRAR
scrapy,scrapy,4268,3062967059,subscribed,2020-02-22T20:38:05Z,,,wRAR
scrapy,scrapy,4268,3063145690,mentioned,2020-02-23T04:14:16Z,,,sakshamb2113
scrapy,scrapy,4268,3063145691,subscribed,2020-02-23T04:14:16Z,,,sakshamb2113
scrapy,scrapy,4268,3066960105,mentioned,2020-02-24T20:50:50Z,,,wRAR
scrapy,scrapy,4268,3066960109,subscribed,2020-02-24T20:50:50Z,,,wRAR
scrapy,scrapy,4268,3066960116,mentioned,2020-02-24T20:50:50Z,,,Gallaecio
scrapy,scrapy,4268,3066960120,subscribed,2020-02-24T20:50:50Z,,,Gallaecio
scrapy,scrapy,4268,3071423346,mentioned,2020-02-25T23:19:34Z,,,wRAR
scrapy,scrapy,4268,3071423350,subscribed,2020-02-25T23:19:34Z,,,wRAR
scrapy,scrapy,4268,3071423353,mentioned,2020-02-25T23:19:34Z,,,sakshamb2113
scrapy,scrapy,4268,3071423355,subscribed,2020-02-25T23:19:34Z,,,sakshamb2113
scrapy,scrapy,4268,3081734810,closed,2020-02-28T12:17:03Z,,,Gallaecio
scrapy,scrapy,4264,2918584373,labeled,2020-01-02T19:34:01Z,,,Gallaecio
scrapy,scrapy,4264,2918584376,labeled,2020-01-02T19:34:01Z,,,Gallaecio
scrapy,scrapy,4264,2918584382,labeled,2020-01-02T19:34:01Z,,,Gallaecio
scrapy,scrapy,4264,2958928047,unlabeled,2020-01-17T17:29:26Z,,,kmike
scrapy,scrapy,4264,3015525899,closed,2020-02-06T21:21:34Z,,,Gallaecio
scrapy,scrapy,4260,2915085990,labeled,2019-12-31T04:43:27Z,,,elacuesta
scrapy,scrapy,4260,2915085991,labeled,2019-12-31T04:43:27Z,,,elacuesta
scrapy,scrapy,4260,2919484804,renamed,2020-01-03T06:23:18Z,,,StasDeep
scrapy,scrapy,4260,2920624595,unlabeled,2020-01-03T16:26:11Z,,,elacuesta
scrapy,scrapy,4260,2920624596,unlabeled,2020-01-03T16:26:11Z,,,elacuesta
scrapy,scrapy,4260,2920624598,labeled,2020-01-03T16:26:11Z,,,elacuesta
scrapy,scrapy,4260,3018695294,closed,2020-02-07T18:40:51Z,,,kmike
scrapy,scrapy,4229,2883495409,labeled,2019-12-14T17:17:39Z,,,Gallaecio
scrapy,scrapy,4229,2888160875,referenced,2019-12-17T01:47:14Z,7d0096da6e37e508280e3af7388122bcdf0e3dcf,https://api.github.com/repos/Apuyuseng/scrapy/commits/7d0096da6e37e508280e3af7388122bcdf0e3dcf,Apuyuseng
scrapy,scrapy,4229,2890092380,closed,2019-12-17T14:43:31Z,,,wRAR
scrapy,scrapy,4229,2890092672,referenced,2019-12-17T14:43:35Z,4be2bbfe75bcb63a531bdca5287115f79409cc1d,https://api.github.com/repos/scrapy/scrapy/commits/4be2bbfe75bcb63a531bdca5287115f79409cc1d,wRAR
scrapy,scrapy,4217,2859066809,labeled,2019-12-05T19:38:32Z,,,Gallaecio
scrapy,scrapy,4217,2859067255,renamed,2019-12-05T19:38:41Z,,,Gallaecio
scrapy,scrapy,4217,2859068210,renamed,2019-12-05T19:38:58Z,,,Gallaecio
scrapy,scrapy,4217,2867388495,mentioned,2019-12-09T18:24:40Z,,,Gallaecio
scrapy,scrapy,4217,2867388498,subscribed,2019-12-09T18:24:40Z,,,Gallaecio
scrapy,scrapy,4217,25098437629,mentioned,2026-05-02T20:41:23Z,,,Gallaecio
scrapy,scrapy,4217,25098437644,subscribed,2026-05-02T20:41:23Z,,,Gallaecio
scrapy,scrapy,4217,25098726470,closed,2026-05-02T21:11:44Z,,,wRAR
scrapy,scrapy,4175,2813778919,mentioned,2019-11-20T03:23:47Z,,,Gallaecio
scrapy,scrapy,4175,2813778920,subscribed,2019-11-20T03:23:47Z,,,Gallaecio
scrapy,scrapy,4175,2818954537,labeled,2019-11-21T09:47:44Z,,,Gallaecio
scrapy,scrapy,4175,3070753887,closed,2020-02-25T19:46:06Z,,,wRAR
scrapy,scrapy,4145,2790237696,labeled,2019-11-12T06:02:26Z,,,Gallaecio
scrapy,scrapy,4145,2790237697,labeled,2019-11-12T06:02:26Z,,,Gallaecio
scrapy,scrapy,4145,2866126521,closed,2019-12-09T12:32:11Z,,,Gallaecio
scrapy,scrapy,4124,2769088547,labeled,2019-11-04T20:19:06Z,,,Gallaecio
scrapy,scrapy,4124,2769088548,labeled,2019-11-04T20:19:06Z,,,Gallaecio
scrapy,scrapy,4124,2769088552,mentioned,2019-11-04T20:19:06Z,,,kmike
scrapy,scrapy,4124,2769088554,subscribed,2019-11-04T20:19:06Z,,,kmike
scrapy,scrapy,4124,2784035999,closed,2019-11-08T17:49:34Z,,,wRAR
scrapy,scrapy,4076,2714207727,labeled,2019-10-15T14:28:16Z,,,Gallaecio
scrapy,scrapy,4076,2714207729,labeled,2019-10-15T14:28:16Z,,,Gallaecio
scrapy,scrapy,4076,2715067416,closed,2019-10-15T18:49:51Z,,,wRAR
scrapy,scrapy,4072,2707205146,labeled,2019-10-11T19:29:02Z,,,kmike
scrapy,scrapy,4072,2707205148,labeled,2019-10-11T19:29:02Z,,,kmike
scrapy,scrapy,4072,2717377303,closed,2019-10-16T12:15:00Z,,,Gallaecio
scrapy,scrapy,4035,2661337229,labeled,2019-09-25T11:37:24Z,,,Gallaecio
scrapy,scrapy,4035,2673532437,labeled,2019-09-30T14:37:39Z,,,Gallaecio
scrapy,scrapy,4035,2755149654,closed,2019-10-30T09:14:16Z,,,Gallaecio
scrapy,scrapy,4032,2658377458,labeled,2019-09-24T14:50:53Z,,,Gallaecio
scrapy,scrapy,4032,2666128418,mentioned,2019-09-26T17:36:41Z,,,Gallaecio
scrapy,scrapy,4032,2666128420,subscribed,2019-09-26T17:36:41Z,,,Gallaecio
scrapy,scrapy,4032,2666147220,mentioned,2019-09-26T17:43:36Z,,,amardeep24
scrapy,scrapy,4032,2666147223,subscribed,2019-09-26T17:43:36Z,,,amardeep24
scrapy,scrapy,4032,2669559759,mentioned,2019-09-27T18:42:12Z,,,Gallaecio
scrapy,scrapy,4032,2669559761,subscribed,2019-09-27T18:42:12Z,,,Gallaecio
scrapy,scrapy,4032,2669723042,mentioned,2019-09-27T19:50:52Z,,,Gallaecio
scrapy,scrapy,4032,2669723043,subscribed,2019-09-27T19:50:52Z,,,Gallaecio
scrapy,scrapy,4032,2669744449,referenced,2019-09-27T19:59:59Z,8ea22e455d4b82315025ee591016a539beed320c,https://api.github.com/repos/amardeep24/scrapy/commits/8ea22e455d4b82315025ee591016a539beed320c,amardeep24
scrapy,scrapy,4032,2669773967,mentioned,2019-09-27T20:12:38Z,,,Gallaecio
scrapy,scrapy,4032,2669773968,subscribed,2019-09-27T20:12:38Z,,,Gallaecio
scrapy,scrapy,4032,2669891896,referenced,2019-09-27T21:02:58Z,764c979178c77b280d8ee418924e286b91a1f6bf,https://api.github.com/repos/amardeep24/scrapy/commits/764c979178c77b280d8ee418924e286b91a1f6bf,amardeep24
scrapy,scrapy,4032,2754966419,closed,2019-10-30T08:09:13Z,,,Gallaecio
scrapy,scrapy,4027,2645787407,labeled,2019-09-19T06:30:27Z,,,Gallaecio
scrapy,scrapy,4027,2645787409,mentioned,2019-09-19T06:30:28Z,,,stav
scrapy,scrapy,4027,2645787410,subscribed,2019-09-19T06:30:28Z,,,stav
scrapy,scrapy,4027,2645788477,mentioned,2019-09-19T06:30:58Z,,,stav
scrapy,scrapy,4027,2645788478,subscribed,2019-09-19T06:30:58Z,,,stav
scrapy,scrapy,4027,2645794346,mentioned,2019-09-19T06:33:48Z,,,kmike
scrapy,scrapy,4027,2645794348,subscribed,2019-09-19T06:33:48Z,,,kmike
scrapy,scrapy,4027,3264801475,closed,2020-04-23T12:19:46Z,,,Gallaecio
scrapy,scrapy,4014,2632600104,labeled,2019-09-13T14:49:40Z,,,elacuesta
scrapy,scrapy,4014,2677727039,labeled,2019-10-01T16:32:59Z,,,Gallaecio
scrapy,scrapy,4014,2677839559,mentioned,2019-10-01T17:09:46Z,,,s-sanjay
scrapy,scrapy,4014,2677839561,subscribed,2019-10-01T17:09:46Z,,,s-sanjay
scrapy,scrapy,4014,2759598663,closed,2019-10-31T12:31:34Z,,,Gallaecio
scrapy,scrapy,4014,2760537919,mentioned,2019-10-31T16:30:34Z,,,Gallaecio
scrapy,scrapy,4014,2760537925,subscribed,2019-10-31T16:30:34Z,,,Gallaecio
scrapy,scrapy,4014,2762544701,mentioned,2019-11-01T08:53:24Z,,,s-sanjay
scrapy,scrapy,4014,2762544702,subscribed,2019-11-01T08:53:24Z,,,s-sanjay
scrapy,scrapy,4007,2623199575,labeled,2019-09-10T18:07:37Z,,,elacuesta
scrapy,scrapy,4007,2623286684,labeled,2019-09-10T18:38:30Z,,,elacuesta
scrapy,scrapy,4007,2679522231,closed,2019-10-02T07:06:23Z,,,kmike
scrapy,scrapy,3995,2602899600,labeled,2019-09-03T09:33:37Z,,,Gallaecio
scrapy,scrapy,3995,2648503583,mentioned,2019-09-19T21:44:16Z,,,rsarky
scrapy,scrapy,3995,2648503584,subscribed,2019-09-19T21:44:16Z,,,rsarky
scrapy,scrapy,3995,2668863117,closed,2019-09-27T14:32:27Z,,,rsarky
scrapy,scrapy,3985,2591639934,renamed,2019-08-28T19:11:37Z,,,jvani
scrapy,scrapy,3985,2591733069,labeled,2019-08-28T19:48:06Z,,,elacuesta
scrapy,scrapy,3985,2616463538,closed,2019-09-07T23:23:16Z,,,kmike
scrapy,scrapy,3976,2584603369,mentioned,2019-08-26T18:40:59Z,,,alexander-matsievsky
scrapy,scrapy,3976,2584603371,subscribed,2019-08-26T18:40:59Z,,,alexander-matsievsky
scrapy,scrapy,3976,2586132479,mentioned,2019-08-27T08:02:37Z,,,sortafreel
scrapy,scrapy,3976,2586132482,subscribed,2019-08-27T08:02:37Z,,,sortafreel
scrapy,scrapy,3976,2586132483,mentioned,2019-08-27T08:02:37Z,,,ava7
scrapy,scrapy,3976,2586132484,subscribed,2019-08-27T08:02:37Z,,,ava7
scrapy,scrapy,3976,2610553592,labeled,2019-09-05T13:12:33Z,,,Gallaecio
scrapy,scrapy,3976,2623826811,mentioned,2019-09-10T21:58:45Z,,,ejulio
scrapy,scrapy,3976,2623826812,subscribed,2019-09-10T21:58:45Z,,,ejulio
scrapy,scrapy,3976,2623829133,mentioned,2019-09-10T21:59:52Z,,,ejulio
scrapy,scrapy,3976,2623829135,subscribed,2019-09-10T21:59:52Z,,,ejulio
scrapy,scrapy,3976,2625844728,mentioned,2019-09-11T14:01:47Z,,,sortafreel
scrapy,scrapy,3976,2625844731,subscribed,2019-09-11T14:01:47Z,,,sortafreel
scrapy,scrapy,3976,2662019867,mentioned,2019-09-25T14:55:43Z,,,ejulio
scrapy,scrapy,3976,2662019871,subscribed,2019-09-25T14:55:43Z,,,ejulio
scrapy,scrapy,3976,2662019872,mentioned,2019-09-25T14:55:43Z,,,alexander-matsievsky
scrapy,scrapy,3976,2662019873,subscribed,2019-09-25T14:55:43Z,,,alexander-matsievsky
scrapy,scrapy,3976,2747881439,closed,2019-10-28T09:53:54Z,,,Gallaecio
scrapy,scrapy,3953,2549814369,closed,2019-08-12T10:59:37Z,,,zaxtyson
scrapy,scrapy,3953,2549814564,reopened,2019-08-12T10:59:43Z,,,zaxtyson
scrapy,scrapy,3953,2550220046,labeled,2019-08-12T13:37:14Z,,,Gallaecio
scrapy,scrapy,3953,2550222168,labeled,2019-08-12T13:37:53Z,,,Gallaecio
scrapy,scrapy,3953,2553356786,mentioned,2019-08-13T13:22:44Z,,,Gallaecio
scrapy,scrapy,3953,2553356788,subscribed,2019-08-13T13:22:44Z,,,Gallaecio
scrapy,scrapy,3953,2581642508,mentioned,2019-08-24T22:01:24Z,,,ritik-malik
scrapy,scrapy,3953,2581642510,subscribed,2019-08-24T22:01:24Z,,,ritik-malik
scrapy,scrapy,3953,2636134632,closed,2019-09-16T12:04:07Z,,,Gallaecio
